dataset,model_name,GPU_mem,error_rate,valid_loss,train_loss,fit_time
pets,swinv2_cr_tiny_ns_224,3.787109375,0.0588633418083192,0.24936801195144653,0.019529560580849648,133.23359032196458
pets,swinv2_cr_tiny_ns_224,3.37109375,0.0588633418083192,0.24477967619895935,0.02033395692706108,131.0072173139779
pets,swinv2_cr_tiny_ns_224,3.330078125,0.05412721633911122,0.20794494450092316,0.021329525858163834,131.57327181001892
pets,swinv2_cr_small_ns_224,6.177734375,0.0446549654006958,0.21994665265083313,0.015108372084796429,327.2828737530508
pets,swinv2_cr_small_ns_224,6.2109375,0.05074423551559437,0.20733796060085297,0.01944943517446518,211.57673111901383
pets,swinv2_cr_small_ns_224,5.384765625,0.04668468236923218,0.2127318978309631,0.024523036554455757,344.7638177879853
pets,swinv2_cr_small_224,6.1171875,0.058186709880828746,0.2444191724061966,0.017354698851704597,345.65878029097803
pets,swinv2_cr_small_224,6.1171875,0.058186709880828746,0.2404960095882416,0.01604991964995861,213.62937671499097
pets,swinv2_cr_small_224,5.310546875,0.05412721633911122,0.2624516487121582,0.023917758837342262,215.47414341400145
pets,swin_tiny_patch4_window7_224,3.23046875,0.05142086744308483,0.22602014243602753,0.05045505613088608,164.17994161497336
pets,swin_tiny_patch4_window7_224,2.81640625,0.058186709880828746,0.24469582736492157,0.060431767255067825,108.68367590702836
pets,swin_tiny_patch4_window7_224,2.81640625,0.05412721633911122,0.2573108673095703,0.05856773257255554,109.42023499502102
pets,swin_small_patch4_window7_224,5.251953125,0.055480360984802246,0.25693479180336,0.0456884503364563,255.90779818198644
pets,swin_small_patch4_window7_224,4.517578125,0.05006766319274902,0.22878360748291016,0.04057036712765694,270.9414118229761
pets,swin_small_patch4_window7_224,4.517578125,0.05412721633911122,0.2901565134525299,0.050758685916662216,261.1371522170375
pets,swin_s3_tiny_224,3.466796875,0.049391090869903564,0.22154320776462555,0.06200554966926575,113.85567489400272
pets,swin_s3_tiny_224,3.126953125,0.05480378866195679,0.22132208943367004,0.0634743720293045,177.32007482799236
pets,swin_s3_tiny_224,3.126953125,0.05142086744308483,0.2109367549419403,0.06675086915493011,184.52088964200811
pets,swin_s3_small_224,7.03125,0.052097439765930176,0.2203389108181,0.03257041424512863,199.0160095159663
pets,swin_s3_small_224,6.25,0.04803788661956798,0.25046175718307495,0.02640167437493801,198.35396244894943
pets,swin_s3_small_224,6.25,0.05142086744308483,0.24270543456077576,0.03885984420776367,197.0824235220207
pets,swin_s3_base_224,8.953125,0.04736131429672241,0.2250291407108307,0.022660139948129657,408.6445574319805
pets,swin_s3_base_224,8.966796875,0.05142086744308483,0.2474490702152252,0.023249639198184013,441.2093997790362
pets,swin_s3_base_224,7.8828125,0.04736131429672241,0.2538033127784729,0.02909461408853531,439.6006045119721
pets,swin_large_patch4_window7_224_in22k,,0.09269285202026356,0.4298708140850067,0.3856212794780731,
pets,swin_large_patch4_window7_224_in22k,10.44140625,0.05074423551559437,0.24833980202674863,0.02925005741417408,326.6074628380011
pets,swin_large_patch4_window7_224_in22k,,0.1244925856590271,0.6240661144256592,0.8450348973274231,
pets,swin_large_patch4_window7_224,,0.09810554981231678,0.48394227027893066,0.4525868892669678,
pets,swin_large_patch4_window7_224,10.45703125,0.053450584411621205,0.2481212317943573,0.02273914590477943,328.4781388909905
pets,swin_large_patch4_window7_224,10.44140625,0.043301761150359996,0.2255093604326248,0.025362707674503326,326.75051844201516
pets,swin_base_patch4_window7_224_in22k,7.6015625,0.049391090869903564,0.20144090056419373,0.04785628616809845,375.1372541289893
pets,swin_base_patch4_window7_224_in22k,6.294921875,0.04533153772354115,0.196858674287796,0.0368841215968132,205.62435240100604
pets,swin_base_patch4_window7_224_in22k,6.283203125,0.049391090869903564,0.20861612260341644,0.03723151609301567,206.47882768203272
pets,swin_base_patch4_window7_224,7.626953125,0.05074423551559437,0.22566711902618408,0.05093137174844742,361.42912888899446
pets,swin_base_patch4_window7_224,6.294921875,0.043301761150359996,0.21076001226902008,0.032750725746154785,361.5502065779874
pets,swin_base_patch4_window7_224,6.283203125,0.052097439765930176,0.2160998284816742,0.038126662373542786,207.40657677297713
planet,swinv2_cr_tiny_ns_224,4.2265625,0.04852938652038563,0.11775274574756622,0.14721296727657318,43.17379795003217
planet,swinv2_cr_tiny_ns_224,3.767578125,0.042058765888214,0.11735780537128448,0.14855600893497467,32.64192268997431
planet,swinv2_cr_tiny_ns_224,3.37109375,0.04147058725357056,0.11041829735040665,0.1459340751171112,32.939704179007094
planet,swinv2_cr_small_ns_224,6.203125,0.03411757946014404,0.10599927604198456,0.14650361239910126,41.90415328601375
planet,swinv2_cr_small_ns_224,6.2109375,0.037352919578552246,0.10494807362556458,0.1441018283367157,41.694179483980406
planet,swinv2_cr_small_ns_224,5.400390625,0.03911757469177235,0.10988566279411316,0.14424552023410797,41.13433361798525
planet,swinv2_cr_small_224,6.1171875,0.04352933168411244,0.11822351813316344,0.14750006794929504,46.72779668000294
planet,swinv2_cr_small_224,6.130859375,0.04088234901428223,0.11581385880708694,0.14631138741970062,52.37471235200064
planet,swinv2_cr_small_224,5.310546875,0.03794121742248535,0.11378692835569382,0.14107559621334076,42.11834142898442
planet,swin_tiny_patch4_window7_224,3.65234375,0.04058814048767079,0.1149752214550972,0.1608739048242569,25.490773120021913
planet,swin_tiny_patch4_window7_224,3.21484375,0.045000016689300426,0.11746866255998611,0.16705547273159027,27.030418023990933
planet,swin_tiny_patch4_window7_224,2.81640625,0.04323524236679077,0.12170720100402832,0.15987040102481842,25.381707841006573
planet,swin_small_patch4_window7_224,6.037109375,0.042058765888214,0.11370134353637695,0.15367020666599274,44.07819259999087
planet,swin_small_patch4_window7_224,5.255859375,0.04058814048767079,0.1095324158668518,0.1527915745973587,40.37061075499514
planet,swin_small_patch4_window7_224,4.517578125,0.03647059202194203,0.10603494942188264,0.15237969160079956,36.9111888440093
planet,swin_s3_tiny_224,4.01953125,0.04235297441482544,0.11593546718358994,0.15696842968463898,27.897839368029963
planet,swin_s3_tiny_224,3.482421875,0.041764676570892445,0.11849144846200944,0.15410767495632172,25.526999920024537
planet,swin_s3_tiny_224,3.126953125,0.04323524236679077,0.11978533118963242,0.15605245530605316,33.294184978993144
planet,swin_s3_small_224,7.70703125,0.04441171884536743,0.12173924595117568,0.14961987733840942,38.38923569902545
planet,swin_s3_small_224,7.0234375,0.042352914810180775,0.11777101457118988,0.15440383553504944,54.432262624031864
planet,swin_s3_small_224,6.25390625,0.03999990224838257,0.11210981011390686,0.15136583149433136,38.4111212430289
planet,swin_s3_base_224,8.943359375,0.04441171884536743,0.11547248810529707,0.15237167477607727,63.80155781697249
planet,swin_s3_base_224,8.95703125,0.04441171884536743,0.12109505385160446,0.15218406915664673,59.47048403398367
planet,swin_s3_base_224,7.8828125,0.042352914810180775,0.11781641095876694,0.15354441106319427,57.146239638037514
planet,swin_large_patch4_window7_224_in22k,16.591796875,0.03911757469177235,0.10919401794672012,0.13487499952316284,57.295506286027376
planet,swin_large_patch4_window7_224_in22k,13.55078125,0.04147058725357056,0.11131372302770616,0.1378393918275833,52.29260677401908
planet,swin_large_patch4_window7_224_in22k,,0.12411767244338989,0.3978025019168854,0.4655080437660218,
planet,swin_large_patch4_window7_224,,0.1097058653831482,0.4070434272289276,0.5336981415748596,
planet,swin_large_patch4_window7_224,13.501953125,0.04029405117034923,0.11015225201845168,0.13902321457862854,55.65546907403041
planet,swin_large_patch4_window7_224,10.48046875,0.03970581293106079,0.10655292868614195,0.13875076174736023,57.72850759496214
planet,swin_base_patch4_window7_224_in22k,8.98828125,0.04117637872695923,0.11257220059633256,0.15030430257320404,37.54626158601605
planet,swin_base_patch4_window7_224_in22k,7.638671875,0.03911757469177235,0.1100403219461441,0.1466105580329895,40.45630890701432
planet,swin_base_patch4_window7_224_in22k,6.310546875,0.03970581293106079,0.10786392539739607,0.14600679278373718,51.947936278011184
planet,swin_base_patch4_window7_224,8.96484375,0.03705877065658558,0.1121423915028572,0.15538090467453003,49.06043417198816
planet,swin_base_patch4_window7_224,7.6015625,0.037941157817840576,0.1055234968662262,0.15349513292312622,38.262711591029074
planet,swin_base_patch4_window7_224,6.283203125,0.04088228940963756,0.11729366332292555,0.1539711207151413,39.97343525098404
planet,regnetz_e8,8.326171875,0.063235342502594,0.16083215177059174,0.16865691542625427,50.14550616899214
planet,regnetz_e8,7.423828125,0.06558823585510243,0.1606629192829132,0.1718081384897232,49.16205614499631
planet,regnetz_e8,7.423828125,0.06000000238418579,0.1592201143503189,0.1713918149471283,48.535540562996175
planet,regnetz_d8,4.72265625,0.05588233470916759,0.15025657415390015,0.15609942376613617,35.49354959599441
planet,regnetz_d8,4.544921875,0.052646994590759166,0.15085241198539734,0.15753388404846191,35.829756819992326
planet,regnetz_d8,4.486328125,0.05441176891326904,0.154300257563591,0.1594988852739334,37.52880528999958
planet,regnetz_d32,4.8984375,0.06264704465866078,0.15951311588287354,0.13874447345733645,36.922201686000335
planet,regnetz_d32,4.724609375,0.06676477193832397,0.16539151966571808,0.14223116636276245,37.52446430099371
planet,regnetz_d32,4.66796875,0.06058824062347401,0.16553135216236117,0.14152850210666656,36.55331620600191
planet,regnetz_c16,3.48046875,0.058235347270965576,0.1556377112865448,0.14809224009513855,31.53894725200371
planet,regnetz_c16,3.48046875,0.05588233470916759,0.1558282971382141,0.14956530928611755,31.38450241900864
planet,regnetz_c16,3.328125,0.05617642402648915,0.15641452372074127,0.15198208391666412,32.19239147899498
planet,regnetz_b16,2.82421875,0.05794119834899902,0.3941402733325958,0.18156926333904264,31.18740358899231
planet,regnetz_b16,2.806640625,0.06352943181991577,0.481660395860672,0.17462298274040222,33.60246917899349
planet,regnetz_b16,2.70703125,0.06411767005920399,0.4503189027309418,0.17180971801280975,31.439018206991022
planet,regnetz_040h,5.2421875,0.06000000238418579,0.15787504613399506,0.14999856054782867,38.40236611799628
planet,regnetz_040h,5.12109375,0.06029409170150757,0.2509269416332245,0.15205010771751404,38.8977861309977
planet,regnetz_040h,5.078125,0.05617654323577881,0.15502311289310455,0.15263061225414276,39.15232963601011
planet,regnetz_040,5.203125,0.06647062301635742,0.1689075231552124,0.18144775927066803,37.47324601501168
planet,regnetz_040,5.0390625,0.060882389545440785,0.16588611900806427,0.18249839544296265,38.13577701000031
planet,regnetz_040,5.0390625,0.06470590829849243,0.17210501432418823,0.17548155784606934,37.522929133003345
planet,mobilevit_xxs,1.18359375,0.04941171407699585,0.1374366730451584,0.16228561103343964,22.263946742998087
planet,mobilevit_xxs,1.16796875,0.04999995231628418,0.13580425083637238,0.1633736938238144,21.98736898900825
planet,mobilevit_xxs,1.154296875,0.04764699935913075,0.1355094164609909,0.15953798592090607,22.68930164599442
planet,mobilevit_xs,2.611328125,0.05470597743988037,0.14268618822097778,0.1687835454940796,24.571814823997556
planet,mobilevit_xs,2.58203125,0.05617642402648915,0.14853578805923462,0.16364328563213348,24.60858541500056
planet,mobilevit_xs,2.552734375,0.053529441356658825,0.14436230063438416,0.16323180496692655,24.743761288991664
planet,mobilevit_s,3.099609375,0.05676478147506725,0.15027600526809692,0.1578914374113083,26.080491918997723
planet,mobilevit_s,3.037109375,0.056470632553100586,0.1587163656949997,0.15983732044696808,24.544615932987657
planet,mobilevit_s,2.974609375,0.05882352590560924,0.1564243882894516,0.16172519326210022,24.62532855500467
pets,mobilenetv3_small_100,,,,,
pets,mobilenetv3_small_100,,,,,
pets,mobilenetv3_small_100,,,,,
pets,mobilenetv3_small_075,,,,,
pets,mobilenetv3_small_075,,,,,
pets,mobilenetv3_small_075,,,,,
pets,mobilenetv3_small_050,,,,,
pets,mobilenetv3_small_050,,,,,
pets,mobilenetv3_small_050,,,,,
pets,mobilenetv3_rw,,,,,
pets,mobilenetv3_rw,,,,,
pets,mobilenetv3_rw,,,,,
pets,mobilenetv3_large_100_miil_in21k,,,,,
pets,mobilenetv3_large_100_miil_in21k,,,,,
pets,mobilenetv3_large_100_miil_in21k,,,,,
pets,mobilenetv3_large_100,,,,,
pets,mobilenetv3_large_100,,,,,
pets,mobilenetv3_large_100,,,,,
planet,efficientnetv2_rw_t,2.728515625,0.05529409646987915,0.15693312883377075,0.15434300899505615,34.17052640899783
planet,efficientnetv2_rw_t,2.5390625,0.05558824539184559,0.1534353494644165,0.1496582329273224,32.82511964299192
planet,efficientnetv2_rw_t,2.349609375,0.058235228061676025,0.1561235934495926,0.1521187424659729,34.82972931199765
planet,efficientnetv2_rw_s,3.890625,0.063235342502594,0.17195865511894226,0.15955762565135956,34.16622505099804
planet,efficientnetv2_rw_s,3.537109375,0.06294119358062744,0.16643965244293213,0.1602417230606079,34.074898100996506
planet,efficientnetv2_rw_s,3.14453125,0.063235342502594,0.16941790282726288,0.16014009714126587,35.46455822400458
planet,efficientnetv2_rw_m,6.333984375,0.058529436588287354,0.16301849484443665,0.15673382580280304,48.40395061900199
planet,efficientnetv2_rw_m,6.296875,0.06352943181991577,0.17081581056118011,0.159761443734169,47.70820632699906
planet,efficientnetv2_rw_m,5.599609375,0.06029421091079723,0.1740114986896515,0.16143153607845306,45.68076466899947
planet,convnext_tiny_in22k,3.62890625,0.04088234901428223,0.11590214818716048,0.13385382294654846,22.186246801997186
planet,convnext_tiny_in22k,3.1875,0.04352933168411244,0.1110350862145424,0.13575054705142975,23.84364740699675
planet,convnext_tiny_in22k,2.740234375,0.04441171884536743,0.12091092020273209,0.1437881737947464,23.15921682199405
planet,convnext_small_in22k,5.01953125,0.04735285043716442,0.12598726153373718,0.13350893557071686,28.7589272289988
planet,convnext_small_in22k,5.01953125,0.04470580816268921,0.12725910544395447,0.14263388514518738,28.669851104998088
planet,convnext_small_in22k,4.23046875,0.04558831453323364,0.12231563776731492,0.1404763162136078,29.395666176002123
planet,convnext_large_in22k,13.052734375,0.04264700412750244,0.11074310541152954,0.12701474130153656,49.890112648994545
planet,convnext_large_in22k,13.095703125,0.04382354021072399,0.11519895493984222,0.1283601075410843,49.428305623005144
planet,convnext_large_in22k,9.90625,0.04352945089340199,0.11344540864229202,0.12787696719169617,48.25617963499826
planet,convnext_base_in22k,7.333984375,0.04529404640197765,0.11722299456596376,0.13196897506713867,34.060671248997096
planet,convnext_base_in22k,7.341796875,0.04147058725357056,0.1161343827843666,0.13514627516269684,31.907222147005086
planet,convnext_base_in22k,5.90625,0.046176373958587646,0.12210437655448914,0.1384650021791458,30.312255659002403
planet,vit_tiny_r_s16_p8_224,1.1484375,0.04470580816268921,0.12692151963710785,0.15538807213306427,17.071303957003693
planet,vit_tiny_r_s16_p8_224,1.06640625,0.044999897480010986,0.12991788983345032,0.15539570152759552,17.221898691001115
planet,vit_tiny_r_s16_p8_224,0.984375,0.050882339477539174,0.13079945743083954,0.15450996160507202,19.572911388000648
planet,vit_tiny_patch16_224,1.32421875,0.0450000762939452,0.12675487995147705,0.15115810930728912,17.4954883360042
planet,vit_tiny_patch16_224,1.23828125,0.04382348060607921,0.1216455176472664,0.1544376164674759,17.2346889229957
planet,vit_tiny_patch16_224,1.15234375,0.04205888509750355,0.12227844446897508,0.15688788890838623,19.89925028599828
planet,vit_small_r26_s32_224,4.26171875,0.05029416084289562,0.12352755665779114,0.13389170169830322,24.462605945998803
planet,vit_small_r26_s32_224,3.703125,0.04264700412750244,0.12303458154201508,0.139463871717453,24.01962384700164
planet,vit_small_r26_s32_224,3.548828125,0.04382354021072399,0.12218285351991652,0.13912756741046906,26.39207577399793
planet,vit_small_patch32_224,1.486328125,0.044705867767333984,0.12368614226579666,0.14507314562797546,16.653088834995287
planet,vit_small_patch32_224,1.146484375,0.04382348060607921,0.12706774473190308,0.1335715651512146,16.49635950099764
planet,vit_small_patch32_224,0.787109375,0.045588254928588756,0.13181568682193756,0.1426374912261963,19.16099093700177
planet,vit_small_patch16_224,3.0,0.04058820009231556,0.10977637022733688,0.1397712230682373,19.107735163001053
planet,vit_small_patch16_224,2.6484375,0.04352933168411244,0.11707645654678343,0.13807453215122223,18.745317322005576
planet,vit_small_patch16_224,2.3125,0.039705872535705566,0.11220161616802216,0.13845551013946533,21.900724929000717
planet,vit_base_patch32_224_sam,5.47265625,0.042058765888214,0.118344247341156,0.1329456865787506,18.315700179999112
planet,vit_base_patch32_224_sam,4.125,0.04323524236679077,0.12121708691120148,0.13790090382099152,17.776238458005537
planet,vit_base_patch32_224_sam,2.755859375,0.04411768913269043,0.12780113518238068,0.13515877723693848,20.633184844002244
planet,vit_base_patch32_224,5.47265625,0.042352914810180775,0.12252313643693924,0.1284378319978714,18.34313364699483
planet,vit_base_patch32_224,4.125,0.04352945089340199,0.11785364896059036,0.1274813413619995,18.027077539998572
planet,vit_base_patch32_224,2.755859375,0.04352933168411244,0.11700847744941711,0.1305290460586548,20.773256884000148
planet,vit_base_patch16_224_sam,7.890625,0.041176438331604004,0.11126072704792024,0.1358616203069687,26.33650973800104
planet,vit_base_patch16_224_sam,6.544921875,0.040588319301605225,0.10979025065898897,0.13372503221035004,25.879248455996276
planet,vit_base_patch16_224_sam,5.220703125,0.039117634296417236,0.1101434975862503,0.13224607706069946,28.266185689004487
planet,vit_base_patch16_224_miil,7.888671875,0.041176438331604004,0.11479190737009048,0.12746043503284454,25.60943946000043
planet,vit_base_patch16_224_miil,6.544921875,0.04352945089340199,0.12359655648469924,0.12209738790988922,25.11310998100089
planet,vit_base_patch16_224_miil,5.220703125,0.04411768913269043,0.11939196288585664,0.12611490488052368,28.097494663998077
planet,vit_base_patch16_224,7.890625,0.0367647409439088,0.09851958602666856,0.12880989909172058,25.836685962000047
planet,vit_base_patch16_224,6.544921875,0.037352919578552246,0.09799090027809144,0.12930510938167572,26.209168308996595
planet,vit_base_patch16_224,5.220703125,0.04029405117034923,0.10145944356918336,0.12746261060237885,28.34793043499667
planet,resnetv2_50x1_bit_distilled,4.337890625,0.04588228464126598,0.14339734613895416,0.11849118769168854,23.790718724005274
planet,resnetv2_50x1_bit_distilled,4.173828125,0.047058820724487194,0.1388159990310669,0.1163683459162712,23.324574984995703
planet,resnetv2_50x1_bit_distilled,4.107421875,0.04764711856842041,0.14225494861602783,0.11464255303144456,26.57599009799742
planet,resnetv2_50,2.50390625,0.05117642879486084,0.14129945635795593,0.1708163470029831,20.600791410004604
planet,resnetv2_50,2.130859375,0.058823466300964355,0.14291425049304962,0.17202764749526978,20.73709626100026
planet,resnetv2_50,1.720703125,0.05294114351272583,0.13652116060256958,0.16992193460464478,23.082156466000015
planet,resnetv2_101,3.388671875,0.06588244438171398,0.2082979828119278,0.18339353799819944,27.372210560002713
planet,resnetv2_101,3.2734375,0.060882389545440785,0.1630500555038452,0.1814037412405014,27.504298384999856
planet,resnetv2_101,2.728515625,0.05941176414489757,0.16586309671401978,0.18490713834762573,29.718071150004107
planet,resnetrs50,3.009765625,0.05147057771682739,0.13651955127716064,0.13766105473041534,25.309350027004257
planet,resnetrs50,3.009765625,0.05029410123825084,0.13133516907691956,0.13861587643623352,25.513167713004805
planet,resnetrs50,2.4609375,0.048823535442352406,0.13603700697422028,0.1361518353223801,27.489140425997903
planet,resnetblur50,3.037109375,0.04794114828109741,0.13514038920402527,0.1403980404138565,22.17450659099995
planet,resnetblur50,2.642578125,0.04970580339431763,0.1284431517124176,0.14042723178863523,21.7831149190024
planet,resnetblur50,2.208984375,0.04970580339431763,0.13359335064888,0.13924723863601685,24.472879187000217
planet,resnet50_gn,4.583984375,0.04647064208984375,0.13869260251522064,0.12522995471954346,25.770407914002135
planet,resnet50_gn,4.419921875,0.050882339477539174,0.14102931320667267,0.12500141561031342,25.221417914995985
planet,resnet50_gn,4.353515625,0.04794114828109741,0.14193406701087952,0.13146184384822843,28.381514485998196
planet,resnet50d,2.76953125,0.05470585823059082,0.16061978042125702,0.14044705033302307,22.04030425399833
planet,resnet50d,2.390625,0.058235347270965576,0.15946969389915466,0.1433761715888977,21.505841715996212
planet,resnet50d,2.05859375,0.054117560386657604,0.15732669830322266,0.14567093551158905,24.491104772001563
planet,resnet50,2.640625,0.06735301017761242,0.24005204439163208,0.17699047923088074,20.97677350899903
planet,resnet50,2.287109375,0.06823533773422241,0.21142174303531647,0.17825303971767426,20.6585201400012
planet,resnet50,1.869140625,0.06529408693313599,0.18719980120658877,0.17473329603672028,23.621273534001375
planet,resnet34d,1.740234375,0.06411767005920399,0.16411100327968595,0.17150145769119263,17.19504788699851
planet,resnet34d,1.39453125,0.060882389545440785,0.1655586212873459,0.1736232191324234,17.28733088500303
planet,resnet34d,1.107421875,0.06235295534133922,0.17459651827812195,0.17141830921173096,20.398027085997455
planet,resnet34,1.638671875,0.05911755561828602,0.15512153506278992,0.15729275345802307,16.886517796003318
planet,resnet34,1.30078125,0.058235347270965576,0.14754895865917206,0.16002975404262543,16.75976384700334
planet,resnet34,0.96484375,0.05647057294845581,0.14831922948360443,0.15729917585849762,19.63421537999966
planet,resnet26d,1.841796875,0.04852938652038563,0.13763096928596497,0.13043242692947388,17.638537669998186
planet,resnet26d,1.591796875,0.049411773681640625,0.1405591368675232,0.1255564242601395,17.670573440002045
planet,resnet26d,1.505859375,0.04617655277252197,0.1371958702802658,0.1262713074684143,20.752634668999235
planet,resnet26,1.71484375,0.04588228464126598,0.1381174772977829,0.13254033029079437,16.738402427006804
planet,resnet26,1.482421875,0.04735291004180919,0.13622377812862396,0.13338789343833923,16.76014697899518
planet,resnet26,1.310546875,0.049411773681640625,0.13763830065727234,0.1304592788219452,19.88696043100208
planet,resnet18d,1.1640625,0.06470596790313721,0.16930647194385529,0.15734286606311798,14.922826077003265
planet,resnet18d,0.931640625,0.058235347270965576,0.1590813249349594,0.1593920886516571,14.757922527998744
planet,resnet18d,0.869140625,0.06411767005920399,0.1665193885564804,0.16462324559688568,17.8719909049978
planet,resnet18,0.984375,0.04911768436431885,0.13051997125148773,0.132842019200325,14.521075447999465
planet,resnet18,0.8125,0.04676467180252075,0.13042448461055756,0.1353030651807785,14.332339068998408
planet,resnet18,0.671875,0.04735291004180919,0.13561812043190002,0.13517272472381592,17.214261273999
planet,resnet152,4.875,0.05882352590560924,0.15314188599586487,0.18754521012306213,35.54672990000108
planet,resnet152,3.873046875,0.06529408693313599,0.16873787343502045,0.19367383420467377,34.72582372400211
planet,resnet152,3.896484375,0.056470632553100586,0.1616595834493637,0.19154098629951477,37.776324591002776
planet,resnet101,3.51953125,0.057647109031677246,0.1505759209394455,0.18481974303722384,28.007870007000747
planet,resnet101,3.51953125,0.05529409646987915,0.15426777303218842,0.1849663257598877,28.046152730996255
planet,resnet101,2.82421875,0.05705881118774403,0.15974372625350952,0.18572336435317993,30.14632807199814
planet,regnety_120,4.80859375,0.04441171884536743,0.12670263648033142,0.12824448943138125,37.128209494003386
planet,regnety_120,4.806640625,0.045000016689300426,0.12502852082252502,0.1286579966545105,37.05875005899725
planet,regnety_120,4.140625,0.042352914810180775,0.1286393702030182,0.12968489527702332,39.506346303998725
planet,regnety_016,1.869140625,0.05323523283004761,0.14546313881874084,0.143017515540123,28.868742698999995
planet,regnety_016,1.7578125,0.05235290527343761,0.14303141832351685,0.1361183524131775,28.891274055000395
planet,regnety_016,1.7578125,0.05147063732147217,0.13896986842155457,0.1380438655614853,31.55831172299804
planet,regnety_008,1.330078125,0.05029410123825084,0.13600319623947144,0.13701550662517548,22.0688417450001
planet,regnety_008,1.275390625,0.050882339477539174,0.1400570422410965,0.13921673595905304,21.47457888899953
planet,regnety_008,1.220703125,0.05294114351272583,0.1379302144050598,0.13953332602977753,24.66893178999453
planet,regnety_006,1.07421875,0.04852938652038563,0.1343856006860733,0.14049606025218964,21.986209786999098
planet,regnety_006,1.07421875,0.05029410123825084,0.13420075178146362,0.1387249380350113,21.622424546003455
planet,regnety_006,1.03125,0.048823535442352406,0.12960533797740936,0.1421423852443695,24.230962118002935
planet,regnety_004,0.986328125,0.05294126272201538,0.14550115168094635,0.1549973487854004,22.180866396003697
planet,regnety_004,0.986328125,0.053823530673980824,0.1435127556324005,0.15624557435512543,22.181192137002657
planet,regnety_004,0.927734375,0.05529409646987915,0.1460529863834381,0.15748706459999084,24.762927392002897
planet,regnety_002,0.599609375,0.057647109031677246,0.15446163713932037,0.15685045719146729,19.837666537001496
planet,regnety_002,0.55859375,0.058235347270965576,0.14749599993228912,0.15258169174194336,19.707450963003794
planet,regnety_002,0.515625,0.06294119358062744,0.1530873477458954,0.15515415370464325,22.558717685999
planet,regnetx_160,5.05078125,0.04852944612503041,0.12918198108673096,0.1216028779745102,37.62376440299704
planet,regnetx_160,5.048828125,0.04735291004180919,0.13212241232395172,0.12128835916519164,37.60599918599473
planet,regnetx_160,4.515625,0.04676467180252075,0.13015861809253693,0.12046486139297484,40.540161518001696
planet,regnetx_120,4.880859375,0.05029410123825084,0.13443046808242798,0.12319923937320708,34.66300576199865
planet,regnetx_120,4.322265625,0.05117654800415039,0.13643518090248108,0.11849620193243028,34.54375186800462
planet,regnetx_120,3.732421875,0.048235297203063965,0.14412112534046173,0.11977985501289368,36.94813109400275
planet,regnetx_080,3.462890625,0.049411773681640625,0.1444871425628662,0.11841066926717758,26.471140469999227
planet,regnetx_080,3.205078125,0.04794114828109741,0.131966233253479,0.1217069774866104,25.248070653004103
planet,regnetx_080,2.5,0.04999995231628418,0.14568552374839783,0.1243034154176712,28.512315959997068
planet,regnetx_064,3.509765625,0.05147057771682739,0.14276331663131714,0.1242012158036232,28.570220774003246
planet,regnetx_064,3.1875,0.05029416084289562,0.14681603014469147,0.12580208480358124,28.108660119003616
planet,regnetx_064,3.15234375,0.053529441356658825,0.14587165415287018,0.12175744026899338,30.974487206003687
planet,regnetx_040,2.513671875,0.05382347106933605,0.15168185532093048,0.12446016073226927,26.558064623000973
planet,regnetx_040,2.513671875,0.05500000715255737,0.16022196412086487,0.12418258190155028,25.961570306993963
planet,regnetx_040,2.388671875,0.05382347106933605,0.156261146068573,0.1230880171060562,28.954979508998804
planet,regnetx_032,2.62890625,0.05264693498611439,0.14806166291236875,0.13130854070186615,26.032787251999252
planet,regnetx_032,2.62890625,0.053529441356658825,0.14639514684677124,0.13058722019195557,26.14141453600314
planet,regnetx_032,2.458984375,0.053823530673980824,0.14907622337341309,0.12587763369083405,28.49124965399824
planet,regnetx_016,1.71875,0.052941203117370605,0.14199857413768768,0.13676781952381134,20.885384470995632
planet,regnetx_016,1.642578125,0.05411773920059204,0.1501845121383667,0.1337343007326126,20.6003418889959
planet,regnetx_016,1.56640625,0.053529441356658825,0.14743183553218842,0.13719429075717926,23.862900576001262
planet,regnetx_008,1.201171875,0.053823530673980824,0.15284566581249237,0.14661788940429688,19.450098462002643
planet,regnetx_008,1.162109375,0.054705798625946045,0.14560721814632416,0.1496899425983429,19.113838517994736
planet,regnetx_008,1.125,0.05676478147506725,0.14751069247722626,0.14822079241275787,22.052998745995865
planet,regnetx_006,0.94140625,0.05794119834899902,0.15896159410476685,0.1488306224346161,18.22399922600016
planet,regnetx_006,0.8359375,0.06117653846740723,0.15580682456493378,0.15199722349643707,18.36236227399786
planet,regnetx_006,0.8046875,0.059705913066864014,0.15282770991325378,0.1523478776216507,21.367788219999056
planet,regnetx_004,0.794921875,0.06029409170150757,0.1671154648065567,0.16273435950279236,20.877768701000605
planet,regnetx_004,0.732421875,0.058529436588287354,0.16665031015872955,0.16468869149684906,20.36673617399356
planet,regnetx_004,0.66015625,0.057646989822387584,0.17034754157066345,0.1563216894865036,23.072880834006355
planet,regnetx_002,0.55859375,0.06176477670669556,0.16461507976055145,0.163581982254982,16.999492242000997
planet,regnetx_002,0.5234375,0.05558830499649037,0.1584329754114151,0.16556699573993683,16.87106511899765
planet,regnetx_002,0.48828125,0.05882352590560924,0.16151311993598938,0.15975236892700195,19.58754274200328
planet,levit_384,3.0625,0.05735290050506603,NaN,0.1908385306596756,20.051647348998813
planet,levit_384,2.435546875,0.05500000715255737,NaN,0.1965124011039734,19.64330141300161
planet,levit_384,1.841796875,0.05558830499649037,NaN,0.2016327977180481,21.965378198001417
planet,levit_256,1.6953125,0.06205880641937256,0.6031213402748108,0.2208738923072815,19.059918268998445
planet,levit_256,1.404296875,0.06323522329330444,NaN,0.23107415437698364,18.77514817300107
planet,levit_256,1.12890625,0.06676465272903442,0.3585187494754791,0.23038113117218015,21.224418593003065
planet,levit_192,1.130859375,0.07294112443923961,NaN,0.22398824989795685,18.758804231001704
planet,levit_192,0.984375,0.06970596313476562,NaN,0.2182971090078354,18.779519992000132
planet,levit_192,0.833984375,0.06794130802154541,NaN,0.22094325721263883,21.625923209001485
planet,levit_128s,0.7734375,0.06029409170150757,0.24529586732387543,0.2289648950099945,17.105461909995938
planet,levit_128s,0.654296875,0.06852942705154419,0.35374802350997925,0.248508021235466,16.977945981998346
planet,levit_128s,0.552734375,0.06235295534133922,0.43638429045677185,0.23410016298294067,19.839418991003186
planet,levit_128,1.021484375,0.07205885648727417,NaN,0.23128856718540192,18.90317087999574
planet,levit_128,0.875,0.06499999761581421,NaN,0.2341249883174896,18.510917309002252
planet,levit_128,0.75,0.06588244438171398,NaN,0.2278404086828232,21.00816241999564
planet,efficientnet_lite0,1.796875,0.05588233470916759,0.15974421799182892,0.15807171165943146,18.23750445999758
planet,efficientnet_lite0,1.7578125,0.06000000238418579,0.15797467529773712,0.15640342235565186,18.027367173999664
planet,efficientnet_lite0,1.71875,0.05735290050506603,0.1560257375240326,0.15434351563453674,21.024165728995285
planet,efficientnet_es_pruned,1.91015625,0.060000061988830566,0.15159152448177338,0.15108326077461243,19.17336908599827
planet,efficientnet_es_pruned,1.857421875,0.0579412579536438,0.15342675149440765,0.15240433812141418,19.221456270002815
planet,efficientnet_es_pruned,1.802734375,0.059705913066864014,0.15252581238746643,0.154806450009346,21.896299198000634
planet,efficientnet_es,1.91015625,0.059411823749542236,0.1459677666425705,0.15701210498809814,19.225803843000904
planet,efficientnet_es,1.857421875,0.051764726638793945,0.14216333627700806,0.15517106652259827,19.34772314500151
planet,efficientnet_es,1.802734375,0.053823530673980824,0.14135201275348663,0.15351948142051697,22.0415008639975
planet,efficientnet_b0,1.9140625,0.05323529243469238,0.15379157662391665,0.14813828468322754,21.310201237
planet,efficientnet_b0,1.9140625,0.05294114351272583,0.14778529107570648,0.147745743393898,21.23951410500013
planet,efficientnet_b0,1.865234375,0.052352845668792836,0.14447656273841858,0.14631684124469757,24.59887379599968
planet,convnext_tiny_hnf,3.361328125,0.045588135719299205,0.12127580493688583,0.14056900143623352,22.5763823649977
planet,convnext_tiny_hnf,3.462890625,0.04264700412750244,0.1211625263094902,0.14324727654457092,22.549699030001648
planet,convnext_tiny_hnf,2.9921875,0.04411756992340077,0.12074568122625352,0.145589217543602,25.00096553599724
planet,convnext_tiny,3.576171875,0.046470582485198975,0.1285049468278885,0.13604457676410675,21.951708064996637
planet,convnext_tiny,3.19140625,0.042941153049468994,0.12592004239559174,0.13143795728683472,22.854106120001234
planet,convnext_tiny,2.662109375,0.04735291004180919,0.13237716257572174,0.1340600550174713,24.2373840270011
planet,convnext_small,5.017578125,0.050000011920928955,0.13169845938682556,0.13466797769069672,28.0595059460029
planet,convnext_small,5.041015625,0.054705798625946045,0.13603247702121735,0.12923772633075714,28.09741899099754
planet,convnext_small,4.21484375,0.050882339477539174,0.13657936453819275,0.1375282108783722,30.67495589399914
planet,convnext_base_in22ft1k,7.3515625,0.04411768913269043,0.1157216653227806,0.13186968863010406,32.593100867998146
planet,convnext_base_in22ft1k,7.361328125,0.04352933168411244,0.1193169504404068,0.1270323395729065,32.19023087799724
planet,convnext_base_in22ft1k,5.91015625,0.04441171884536743,0.12603731453418732,0.12925054132938385,35.25396119099605
planet,convnext_base,7.34375,0.04441171884536743,0.12289758026599884,0.12803256511688232,32.5591351960029
planet,convnext_base,7.33984375,0.046176373958587646,0.12438327819108964,0.1242607608437538,32.359570439999516
planet,convnext_base,5.890625,0.046470463275909424,0.12472957372665404,0.12960347533226013,35.11254430899862
planet,vit_tiny_r_s16_p8_224,1.1484375,0.09941178560256958,0.3811330795288086,0.5574661493301392,16.623590830000467
planet,vit_tiny_r_s16_p8_224,1.06640625,0.10147058963775635,0.38272103667259216,0.5628147721290588,16.201229472993873
planet,vit_tiny_r_s16_p8_224,0.984375,0.1020587682723999,0.3852547705173493,0.5696641802787781,19.161254933998865
planet,vit_tiny_patch16_224,1.32421875,0.09411764144897461,0.3717780411243438,0.562545895576477,16.402883495000424
planet,vit_tiny_patch16_224,1.23828125,0.09117650985717762,0.3743039071559906,0.55729079246521,16.590130880998913
planet,vit_tiny_patch16_224,1.15234375,0.08882349729537964,0.3686652481555938,0.560359001159668,19.056008593004663
planet,vit_small_r26_s32_224,4.26171875,0.09117645025253296,0.3613381087779999,0.5418907403945923,23.450323446006223
planet,vit_small_r26_s32_224,3.703125,0.08999997377395641,0.360665500164032,0.549113392829895,23.046618444997875
planet,vit_small_r26_s32_224,3.548828125,0.08411771059036244,0.3541931211948395,0.5527339577674866,25.801511026998924
planet,vit_small_patch32_224,1.486328125,0.09205889701843262,0.3728082776069641,0.5516176819801331,15.610982351005076
planet,vit_small_patch32_224,1.146484375,0.09764707088470459,0.3725101351737976,0.5456710457801819,15.530335926996486
planet,vit_small_patch32_224,0.787109375,0.09323525428771962,0.3711870610713959,0.5367690920829773,18.449803632000112
planet,vit_small_patch16_224,3.0,0.08264708518981922,0.35782596468925476,0.5369166731834412,18.28439410399733
planet,vit_small_patch16_224,2.6484375,0.08323538303375244,0.36153286695480347,0.5364149212837219,17.980060499998217
planet,vit_small_patch16_224,2.3125,0.09029418230056763,0.3741111755371094,0.5436782836914062,20.630502407002496
planet,vit_base_patch32_224_sam,5.47265625,0.06882357597351085,0.33702123165130615,0.5051458477973938,17.859332289997838
planet,vit_base_patch32_224_sam,4.125,0.0779411792755128,0.3372727930545807,0.5120666027069092,17.448340990995348
planet,vit_base_patch32_224_sam,2.755859375,0.07499998807907104,0.34229594469070435,0.5139545798301697,19.74819874899549
planet,vit_base_patch32_224,5.47265625,0.07852941751480103,0.3423577547073364,0.505450427532196,17.60128801999963
planet,vit_base_patch32_224,4.125,0.08676475286483765,0.3457220792770386,0.5047538876533508,16.840505723004753
planet,vit_base_patch32_224,2.755859375,0.07470589876174916,0.34339141845703125,0.51125168800354,19.77457441599836
planet,vit_base_patch16_224_sam,7.890625,0.07294118404388439,0.34402069449424744,0.5136246681213379,25.019967045001977
planet,vit_base_patch16_224_sam,6.544921875,0.08529418706893921,0.35772475600242615,0.5135833621025085,25.22488208800496
planet,vit_base_patch16_224_sam,5.220703125,0.07176476716995239,0.34896010160446167,0.5086654424667358,27.964379003999056
planet,vit_base_patch16_224_miil,7.888671875,0.07941174507141124,0.35709843039512634,0.5059681534767151,25.705551184997603
planet,vit_base_patch16_224_miil,6.544921875,0.0779411792755128,0.3571936786174774,0.5113081336021423,24.67466923900065
planet,vit_base_patch16_224_miil,5.220703125,0.07999998331069957,0.3505557179450989,0.5092243552207947,27.929176808997
planet,vit_base_patch16_224,7.890625,0.06411767005920399,0.3244739770889282,0.4980981647968292,25.332364997004333
planet,vit_base_patch16_224,6.544921875,0.07529401779174805,0.33468368649482727,0.4979599714279175,25.31395786000212
planet,vit_base_patch16_224,5.220703125,0.06676477193832397,0.32988259196281433,0.49632468819618225,27.949786042998312
planet,resnetv2_50x1_bit_distilled,4.337890625,0.09941178560256958,0.3857652246952057,0.4716961085796356,23.357735483001303
planet,resnetv2_50x1_bit_distilled,4.173828125,0.09852945804595958,0.40093716979026794,0.47779032588005066,23.305809461002355
planet,resnetv2_50x1_bit_distilled,4.107421875,0.10735291242599487,0.4009655714035034,0.47194188833236694,25.909082793998095
planet,resnetv2_50,2.50390625,0.12470579147338867,0.39363959431648254,0.5456590056419373,20.08283800799836
planet,resnetv2_50,2.130859375,0.12147057056427002,0.3926849663257599,0.5432761907577515,19.622264265999547
planet,resnetv2_50,1.720703125,0.1217646598815918,0.3975896835327149,0.5426461100578308,22.24899079600073
planet,resnetv2_101,3.43359375,0.13529402017593384,0.540906548500061,0.5630306601524353,26.164948928999365
planet,resnetv2_101,3.43359375,0.13058823347091675,0.4321974813938141,0.5747275948524475,26.811825685999793
planet,resnetv2_101,2.728515625,0.1302940845489502,0.6855673789978027,0.5669105648994446,28.952080822000426
planet,resnetrs50,3.0078125,0.11470586061477661,0.3880639374256134,0.5184823870658875,24.96997275800095
planet,resnetrs50,3.009765625,0.11911767721176147,0.3975422978401184,0.5153145790100098,24.828925783996965
planet,resnetrs50,2.4609375,0.11147058010101318,0.378244549036026,0.5255407691001892,26.941415076998965
planet,resnetblur50,3.017578125,0.10558813810348511,0.3715238869190216,0.5242320895195007,21.238755277001474
planet,resnetblur50,2.623046875,0.10058832168579102,0.37780314683914185,0.5323266983032227,21.535257843999716
planet,resnetblur50,2.208984375,0.09058821201324463,0.35980919003486633,0.5256876349449158,24.216790647999005
planet,resnet50_gn,4.583984375,0.09029412269592285,0.37482643127441406,0.4840032458305359,24.552779140001803
planet,resnet50_gn,4.419921875,0.09411758184432983,0.3915105760097504,0.4829106330871582,24.46153031799986
planet,resnet50_gn,4.353515625,0.0894116759300232,0.3822942674160004,0.48758625984191895,27.421619491000456
planet,resnet50d,2.75,0.11676466464996338,0.3873266577720642,0.5293084979057312,21.311963576998096
planet,resnet50d,2.380859375,0.12029409408569336,0.4009733200073242,0.524418830871582,20.87013482600014
planet,resnet50d,2.05859375,0.11823534965515137,0.394408255815506,0.5235738158226013,23.85580139299782
planet,resnet50,2.646484375,0.14323532581329346,0.5959150791168213,0.5698745846748352,20.06538879699656
planet,resnet50,2.287109375,0.14294111728668213,0.49025872349739075,0.5672058463096619,20.223733161998094
planet,resnet50,1.869140625,0.1370587944984436,0.4487569034099579,0.5610457062721252,23.356877430000168
planet,resnet34d,1.740234375,0.14382344484329224,0.4108888506889343,0.5902437567710876,17.168287511998642
planet,resnet34d,1.39453125,0.15117645263671875,0.4228825271129608,0.5872118473052979,16.808221028000844
planet,resnet34d,1.107421875,0.14941167831420898,0.4190722703933716,0.5814759731292725,19.572416074999637
planet,resnet34,1.638671875,0.14705878496170044,0.4177497625350952,0.577971339225769,16.232917925997754
planet,resnet34,1.30078125,0.15558820962905884,0.42587265372276306,0.5797625184059143,16.162295461999747
planet,resnet34,0.96484375,0.14676469564437866,0.4131858050823212,0.5838757753372192,18.827343627999653
planet,resnet26d,1.841796875,0.09647059440612804,0.37596645951271057,0.5044959783554077,17.20966612399934
planet,resnet26d,1.591796875,0.09294122457504284,0.3796203136444092,0.504855751991272,17.24031403799745
planet,resnet26d,1.505859375,0.09470587968826283,0.3816372752189636,0.5018817782402039,20.182281945002615
planet,resnet26,1.728515625,0.08411765098571777,0.3667275607585907,0.5097890496253967,16.59992954200061
planet,resnet26,1.482421875,0.09058821201324463,0.3670406639575958,0.5023069977760315,16.307683101000293
planet,resnet26,1.310546875,0.09205889701843262,0.3744913041591644,0.5088710784912109,19.394570877997467
planet,resnet18d,1.1640625,0.13999998569488525,0.41640162467956543,0.5681940317153931,14.666084151998804
planet,resnet18d,0.931640625,0.15941184759140015,0.4296902120113373,0.5668036341667175,14.350498233001415
planet,resnet18d,0.869140625,0.15088236331939697,0.4272250831127167,0.5648586750030518,17.25928243599992
planet,resnet18,0.984375,0.12411767244338989,0.3881439864635467,0.5530961155891418,14.015100124001036
planet,resnet18,0.8125,0.11911755800247192,0.3872135579586029,0.5505141019821167,14.097696461998568
planet,resnet18,0.671875,0.11205887794494629,0.38363486528396606,0.5520787835121155,17.030106404003163
planet,resnet152,4.853515625,0.1549999713897705,0.42402228713035583,0.5868104696273804,35.25580453699877
planet,resnet152,3.896484375,0.14676469564437866,0.4230680763721466,0.5834950804710388,34.58205081900087
planet,resnet152,3.896484375,0.14529412984848022,0.4233881831169128,0.5879596471786499,37.36231384400162
planet,resnet101,3.54296875,0.15264707803726196,0.43889155983924866,0.5803874731063843,27.24590862400146
planet,resnet101,3.51953125,0.14794111251831055,0.4172912538051605,0.5816754698753357,28.007714979998127
planet,resnet101,2.84375,0.1482352614402771,0.4246978461742401,0.5808111429214478,30.479158513000584
planet,regnety_120,4.80859375,0.07352942228317261,0.34964194893836975,0.5040944218635559,37.19150252399777
planet,regnety_120,4.806640625,0.08117651939392079,0.35314351320266724,0.502092719078064,37.998981386001105
planet,regnety_120,4.142578125,0.08470588922500599,0.3552161455154419,0.49887263774871826,39.54114707899862
planet,regnety_016,1.869140625,0.12764710187911987,0.40458011627197266,0.5520471930503845,30.19307579499946
planet,regnety_016,1.7578125,0.12176477909088135,0.39832359552383423,0.5458013415336609,29.463099196000258
planet,regnety_016,1.7578125,0.1197059154510498,0.395364910364151,0.5373856425285339,30.94625663399711
planet,regnety_008,1.33203125,0.10147058963775635,0.3630276620388031,0.5298526883125305,21.905095763002464
planet,regnety_008,1.275390625,0.10176467895507812,0.3686570823192597,0.5427301526069641,21.157036574000813
planet,regnety_008,1.220703125,0.11794120073318481,0.3777353763580322,0.5470020174980164,23.79321576300208
planet,regnety_006,1.07421875,0.1197059154510498,0.3867703378200531,0.5527294874191284,21.063679134000267
planet,regnety_006,1.07421875,0.13058823347091675,0.3903173506259918,0.5521707534790039,21.214926778997324
planet,regnety_006,1.03125,0.12794119119644165,0.3928265869617462,0.5569289326667786,24.064457510001375
planet,regnety_004,0.986328125,0.13823527097702026,0.4021950960159302,0.5807268023490906,21.323621417999675
planet,regnety_004,0.986328125,0.12294113636016846,0.384217768907547,0.5733514428138733,22.132365805999143
planet,regnety_004,0.927734375,0.13058823347091675,0.3998572528362274,0.5761378407478333,24.42219047499748
planet,regnety_002,0.599609375,0.13911759853363037,0.40054255723953247,0.5860542058944702,19.55826785699901
planet,regnety_002,0.556640625,0.14352941513061523,0.4165991544723511,0.579601526260376,19.515643686001567
planet,regnety_002,0.515625,0.1414705514907837,0.4169016182422638,0.5806353688240051,22.21174501399946
planet,regnetx_160,6.15625,0.07970589399337757,0.36139747500419617,0.49149367213249207,37.40156822000063
planet,regnetx_160,5.048828125,0.08147054910659801,0.3612898886203766,0.494823157787323,37.13616790500237
planet,regnetx_160,4.515625,0.0882352590560912,0.3722374439239502,0.49749577045440674,39.86849617500047
planet,regnetx_120,4.880859375,0.08352941274642944,0.3622545301914215,0.4986842274665833,34.074117879998084
planet,regnetx_120,4.322265625,0.08970588445663441,0.3657861053943634,0.5027223825454712,33.79911904000255
planet,regnetx_120,3.732421875,0.08147066831588756,0.35283470153808594,0.5001645088195801,36.576097281998955
planet,regnetx_080,3.462890625,0.09911763668060303,0.3743653893470764,0.5090242028236389,25.735849349999626
planet,regnetx_080,3.205078125,0.09411764144897461,0.3740118741989136,0.4984932243824005,25.54272381299961
planet,regnetx_080,2.5,0.09558820724487305,0.3701096773147583,0.5102815628051758,28.21933818600155
planet,regnetx_064,3.509765625,0.0923529863357544,0.3694432079792022,0.49876365065574646,28.130556948999583
planet,regnetx_064,3.1875,0.09911763668060303,0.37404510378837585,0.5054884552955627,27.756886519000545
planet,regnetx_064,3.15234375,0.0950000286102296,0.3751513957977295,0.5063343048095703,30.553988634001144
planet,regnetx_040,2.529296875,0.1164705753326416,0.42129993438720703,0.5163341164588928,25.959611734997452
planet,regnetx_040,2.513671875,0.10823523998260498,0.40994545817375183,0.5225077271461487,25.517982671000937
planet,regnetx_040,2.388671875,0.10676467418670654,0.4103724956512451,0.5283344984054565,28.55739455299772
planet,regnetx_032,2.630859375,0.11264711618423462,0.3907647430896759,0.5255122184753418,25.70904921500187
planet,regnetx_032,2.630859375,0.10617643594741821,0.392778217792511,0.533637523651123,25.515064138002344
planet,regnetx_032,2.458984375,0.11029410362243652,0.39376962184906006,0.5378533601760864,27.90544481699908
planet,regnetx_016,1.71875,0.11823523044586182,0.3988554775714874,0.5396329164505005,20.135196867999184
planet,regnetx_016,1.642578125,0.12235289812088013,0.3984908759593963,0.5368325710296631,21.15897669199694
planet,regnetx_016,1.56640625,0.13647061586380005,0.41194626688957214,0.5398291349411011,23.683457582999836
planet,regnetx_008,1.201171875,0.11823534965515137,0.38611966371536255,0.5500516295433044,19.61548793700058
planet,regnetx_008,1.162109375,0.12176460027694702,0.3905499279499054,0.5484524965286255,19.276124410997
planet,regnetx_008,1.125,0.12411767244338989,0.385257363319397,0.5564190149307251,21.805526952000942
planet,regnetx_006,0.94140625,0.1367647647857666,0.40769290924072266,0.5570703148841858,18.5266502279992
planet,regnetx_006,0.8359375,0.14058822393417358,0.4100925326347351,0.5539054274559021,18.635489547999896
planet,regnetx_006,0.8046875,0.12911760807037354,0.4004004299640655,0.5505360960960388,21.18426541000008
planet,regnetx_004,0.802734375,0.1344117522239685,0.3932763636112213,0.5678024888038635,21.032406562997497
planet,regnetx_004,0.732421875,0.13205879926681519,0.3970831632614136,0.579541802406311,20.719626202000654
planet,regnetx_004,0.66015625,0.13323533535003662,0.4005937874317169,0.5775236487388611,23.34228921799877
planet,regnetx_002,0.55859375,0.12470591068267822,0.3853951394557953,0.5802843570709229,17.281784516999323
planet,regnetx_002,0.5234375,0.13205879926681519,0.3996426463127136,0.5798799991607666,16.727708058002463
planet,regnetx_002,0.48828125,0.12794113159179688,0.39703646302223206,0.5806841850280762,19.890554476001853
planet,levit_384,3.08203125,0.1764705777168274,NaN,0.6399989128112793,19.847119433001353
planet,levit_384,2.4375,0.1688234806060791,NaN,0.638716459274292,19.531016783999803
planet,levit_384,1.82421875,0.16117650270462036,NaN,0.6239311695098877,22.243467095002416
planet,levit_256,1.6875,0.1567646861076355,NaN,0.6548584699630737,19.177607109002565
planet,levit_256,1.41015625,0.17264699935913086,NaN,0.6752172708511353,18.91133705699758
planet,levit_256,1.12890625,0.17676466703414917,NaN,0.6731880307197571,21.94993768999848
planet,levit_192,1.130859375,0.15499991178512573,NaN,0.6437838673591614,19.62751755899808
planet,levit_192,0.982421875,0.15088224411010742,NaN,0.6443750858306885,18.82802644899857
planet,levit_192,0.833984375,0.16411757469177246,NaN,0.6631882786750793,22.101843471999015
planet,levit_128s,0.7734375,0.15588241815567017,0.720182478427887,0.6518053412437439,17.12736504699933
planet,levit_128s,0.654296875,0.17588239908218384,0.6670315265655518,0.6629664301872253,16.94611646899648
planet,levit_128s,0.552734375,0.18911761045455933,1.699621558189392,0.6791766285896301,19.87020261499856
planet,levit_128,1.021484375,0.17558825016021729,NaN,0.655733048915863,19.040443808997225
planet,levit_128,0.875,0.18852943181991577,NaN,0.6697572469711304,18.803822114001377
planet,levit_128,0.75,0.18970590829849243,NaN,0.6632375121116638,21.69757440199828
planet,efficientnet_lite0,1.796875,0.12411767244338989,0.3848542869091034,0.5648524761199951,18.47676501100068
planet,efficientnet_lite0,1.7578125,0.12647056579589844,0.39301005005836487,0.5564008355140686,18.20534776200293
planet,efficientnet_lite0,1.71875,0.12088239192962646,0.3858610391616822,0.5565608739852905,20.724535525998363
planet,efficientnet_es_pruned,1.91015625,0.10852932929992676,0.3900443911552429,0.5493097901344299,19.07291716300097
planet,efficientnet_es_pruned,1.857421875,0.10852944850921631,0.39022454619407654,0.5465443134307861,19.349150011003076
planet,efficientnet_es_pruned,1.802734375,0.10500001907348633,0.3798448443412781,0.5507840514183044,22.38426352500028
planet,efficientnet_es,1.91015625,0.10323530435562134,0.3703671395778656,0.5411248207092285,19.370335122999677
planet,efficientnet_es,1.857421875,0.10705888271331787,0.3806866407394409,0.5409994721412659,19.281595701002516
planet,efficientnet_es,1.802734375,0.10882347822189331,0.3736904561519623,0.5447563529014587,22.277736961998016
planet,efficientnet_b0,1.9140625,0.10205888748168945,0.3803047835826874,0.5205560922622681,21.532160832000955
planet,efficientnet_b0,1.9140625,0.10705876350402832,0.3766915500164032,0.5303735733032227,21.81246770600046
planet,efficientnet_b0,1.865234375,0.10235291719436646,0.3725564181804657,0.5315514206886292,24.216963053000654
planet,convnext_tiny_hnf,3.361328125,0.09205877780914318,0.3549116253852844,0.5160738229751587,21.821478993999335
planet,convnext_tiny_hnf,3.462890625,0.08176469802856445,0.35374242067337036,0.5109933614730835,21.653657880000537
planet,convnext_tiny_hnf,2.9921875,0.08647054433822643,0.3596678078174591,0.5059206485748291,24.432493423999404
planet,convnext_tiny,3.55859375,0.09529411792755116,0.36828652024269104,0.5169783234596252,20.545165478000857
planet,convnext_tiny,3.19140625,0.09411776065826416,0.3721702992916107,0.5141043066978455,21.369081508000814
planet,convnext_tiny,2.744140625,0.09764707088470459,0.3802899420261383,0.5163284540176392,24.409893067997473
planet,convnext_small,5.83984375,0.09941178560256958,0.3883410394191742,0.5110594630241394,28.304767309000457
planet,convnext_small,5.037109375,0.09735292196273804,0.38874003291130066,0.5087018013000488,27.904036908003036
planet,convnext_small,4.234375,0.09588241577148438,0.3820121884346008,0.5126180648803711,30.513536249000023
planet,convnext_base_in22ft1k,,0.30705881118774414,0.6178600788116455,0.7331680059432983,
planet,convnext_base_in22ft1k,7.35546875,0.07735300064086925,0.3536878824234009,0.5004389882087708,32.013889113000914
planet,convnext_base_in22ft1k,5.888671875,0.08588242530822765,0.35958564281463623,0.49711737036705017,35.58007711399841
planet,convnext_base,8.828125,0.08205878734588623,0.3585974872112274,0.49626314640045166,32.63868476099742
planet,convnext_base,7.341796875,0.08852952718734741,0.3645797073841095,0.4975298345088959,31.84266401000059
planet,convnext_base,5.888671875,0.0885293483734132,0.3630370199680328,0.5011488795280457,35.39270472499993
pets,vit_tiny_r_s16_p8_224,1.05859375,0.10690122842788696,0.4043380320072174,0.08092606067657471,74.63291443999333
pets,vit_tiny_r_s16_p8_224,0.9765625,0.10284167528152466,0.3881302773952484,0.07855783402919769,80.31514062899805
pets,vit_tiny_r_s16_p8_224,0.9765625,0.10554802417755127,0.4079037010669708,0.07688259333372116,85.1170430029888
pets,vit_tiny_patch16_224,1.16015625,0.09878212213516235,0.35034531354904175,0.0953610986471176,78.18763143400429
pets,vit_tiny_patch16_224,1.07421875,0.09133964776992798,0.33963635563850403,0.07431367039680481,79.39255724199757
pets,vit_tiny_patch16_224,1.07421875,0.08254396915435802,0.33291205763816833,0.07506392896175385,77.08332525900914
pets,vit_small_r26_s32_224,3.69140625,0.06359946727752686,0.2835130989551544,0.021181901916861538,131.7090421650064
pets,vit_small_r26_s32_224,3.537109375,0.06495261192321777,0.3302176296710968,0.019072921946644783,127.5424311550014
pets,vit_small_r26_s32_224,3.537109375,0.06224626302719116,0.2903726100921631,0.02305289171636105,128.38678150100168
pets,vit_small_patch32_224,1.119140625,0.10893100500106812,0.4674293100833893,0.04461602866649628,76.52688687600312
pets,vit_small_patch32_224,0.775390625,0.1150202751159668,0.4678661525249481,0.038975801318883896,78.77861153600679
pets,vit_small_patch32_224,0.775390625,0.10757780075073242,0.457669734954834,0.04286734014749527,82.73046567600977
pets,vit_small_patch16_224,2.44921875,0.06021648645401001,0.2636930048465729,0.026703065261244777,92.16093883999564
pets,vit_small_patch16_224,2.12109375,0.06901216506957997,0.27966007590293884,0.03601581230759621,87.28082920299494
pets,vit_small_patch16_224,2.12109375,0.0588633418083192,0.2603166103363037,0.032837875187397,87.5469054599962
pets,vit_base_patch32_224_sam,4.12890625,0.10825437307357788,0.49299678206443787,0.02668973244726658,87.36714955599746
pets,vit_base_patch32_224_sam,2.759765625,0.11163735389709473,0.5100401043891907,0.025739524513483047,87.86255565799365
pets,vit_base_patch32_224_sam,2.759765625,0.10960757732391357,0.49986112117767334,0.020825034007430077,84.57571724599984
pets,vit_base_patch32_224,4.12890625,0.07916104793548584,0.32884836196899414,0.03362938016653061,83.78100801099208
pets,vit_base_patch32_224,2.759765625,0.08322054147720337,0.35839900374412537,0.029078029096126556,84.55246303600143
pets,vit_base_patch32_224,2.759765625,0.07645463943481445,0.3342829644680023,0.02254997380077839,80.40273736100062
pets,vit_base_patch16_224_sam,6.17578125,0.05480378866195679,0.25163212418556213,0.011967704631388187,153.72340546300984
pets,vit_base_patch16_224_sam,4.853515625,0.052097439765930176,0.2545136511325836,0.01256556250154972,155.0216083569976
pets,vit_base_patch16_224_sam,4.853515625,0.052097439765930176,0.24950942397117615,0.012164849787950516,152.3469831560069
pets,vit_base_patch16_224_miil,6.173828125,0.052774012088775635,0.2488294094800949,0.01870844140648842,153.63887795399933
pets,vit_base_patch16_224_miil,4.853515625,0.05142086744308483,0.2801089882850647,0.021885357797145844,151.25488694699015
pets,vit_base_patch16_224_miil,4.853515625,0.05074423551559437,0.24924826622009277,0.012699323706328869,153.78782329699607
pets,vit_base_patch16_224,6.16796875,0.06562924385070801,0.30301570892333984,0.02647288516163826,152.26853210000263
pets,vit_base_patch16_224,4.833984375,0.06968879699707042,0.305830180644989,0.023784922435879707,154.69018323499768
pets,vit_base_patch16_224,4.853515625,0.06698238849639881,0.2992841899394989,0.01598128117620945,152.297649316999
pets,resnetv2_50x1_bit_distilled,4.173828125,0.05142086744308483,0.2165978103876114,0.0265513863414526,120.58836425900516
pets,resnetv2_50x1_bit_distilled,4.11328125,0.05953991413116455,0.2383175641298294,0.03382528945803642,119.17318928899476
pets,resnetv2_50x1_bit_distilled,4.107421875,0.05683356523513805,0.24414537847042084,0.02418065071105957,121.160884633995
pets,resnetv2_50,2.109375,0.10351824760437012,0.356484055519104,0.10881853103637695,97.99682399400626
pets,resnetv2_50,1.771484375,0.1008118987083435,0.35749712586402893,0.12064022570848464,97.6771203889948
pets,resnetv2_50,1.72265625,0.09810554981231678,0.3130923807621002,0.12667585909366608,98.32797229700373
pets,resnetv2_101,3.46484375,0.09133964776992798,0.2986575961112976,0.14238545298576355,154.06355584200355
pets,resnetv2_101,2.72265625,0.0838971734046936,0.3085796535015106,0.11444403231143951,150.62208761599322
pets,resnetv2_101,2.736328125,0.09269285202026356,0.3307174742221832,0.1329515278339386,155.1640564949921
pets,resnetrs50,2.591796875,0.06359946727752686,0.2424570620059967,0.04942589253187179,135.14839038001082
pets,resnetrs50,2.591796875,0.06698238849639881,0.2542051374912262,0.03883115202188492,132.2803742549877
pets,resnetrs50,2.4609375,0.060893118381500244,0.2587277591228485,0.03432687744498253,133.2994100109936
pets,resnetblur50,2.63671875,0.06427603960037243,0.24864131212234497,0.0500371977686882,109.19664995999484
pets,resnetblur50,2.228515625,0.06630581617355358,0.27558594942092896,0.051387280225753784,111.00072501599789
pets,resnetblur50,2.208984375,0.07104194164276123,0.2636115849018097,0.05222883820533752,108.41509436999333
pets,resnet50_gn,4.419921875,0.05615699291229237,0.263868510723114,0.03340349346399307,131.40345240400347
pets,resnet50_gn,4.357421875,0.06562924385070801,0.26549509167671204,0.02315167710185051,129.53432577400235
pets,resnet50_gn,4.353515625,0.05953991413116455,0.263034462928772,0.03370259329676628,132.2048585110024
pets,resnet50d,2.390625,0.060893118381500244,0.2347908765077591,0.04588446393609047,107.72856522099757
pets,resnet50d,2.05859375,0.07239514589309681,0.3007671535015106,0.054095782339572906,107.18317409500014
pets,resnet50d,2.05859375,0.06427603960037243,0.2716800272464752,0.05185922980308533,108.14954509399831
pets,resnet50,2.251953125,0.08525031805038441,0.3256226181983948,0.1171482354402542,103.92357143100526
pets,resnet50,1.8671875,0.08186739683151245,0.309323251247406,0.10538565367460252,101.27884416999586
pets,resnet50,1.8671875,0.09269285202026356,0.3257819414138794,0.11774390190839767,106.27771215200482
pets,resnet34d,1.39453125,0.0899864435195924,0.31317228078842163,0.07613679766654968,81.18788709299406
pets,resnet34d,1.109375,0.08592694997787476,0.33552393317222595,0.08249829709529877,82.18881123300525
pets,resnet34d,1.107421875,0.09066307544708241,0.2919071912765503,0.06888888776302338,81.6502251260099
pets,resnet34,1.302734375,0.08457374572753917,0.3372093439102173,0.06311485171318054,78.81589864499983
pets,resnet34,0.96484375,0.08119082450866699,0.3291538655757904,0.06530604511499405,76.10271144199942
pets,resnet34,0.96484375,0.08930987119674683,0.3720078468322754,0.06052041053771973,80.06258858799993
pets,resnet26d,1.6328125,0.08863329887390137,0.2809903919696808,0.0414445735514164,79.85914862799109
pets,resnet26d,1.505859375,0.0784844160079956,0.27138200402259827,0.04821663349866867,81.02058968000347
pets,resnet26d,1.505859375,0.08795672655105602,0.2640753388404846,0.045407917350530624,79.63062637299299
pets,resnet26,1.484375,0.07510149478912365,0.2855800688266754,0.043041106313467026,75.99124765100714
pets,resnet26,1.31640625,0.08457374572753917,0.33284375071525574,0.05160440877079964,73.43434623700159
pets,resnet26,1.310546875,0.08254396915435802,0.3078663647174835,0.05351295694708824,73.93026022500999
pets,resnet18d,0.931640625,0.10554802417755127,0.3619184195995331,0.11641302704811096,62.1786496029963
pets,resnet18d,0.931640625,0.10960757732391357,0.3631320893764496,0.12474986910820007,60.158962513989536
pets,resnet18d,0.869140625,0.10825437307357788,0.3641435503959656,0.11762744188308716,61.08797424400109
pets,resnet18,0.814453125,0.09404599666595459,0.3244822025299072,0.05452972650527954,58.66040637300466
pets,resnet18,0.783203125,0.09404599666595459,0.33018773794174194,0.07182927429676056,53.91258665299392
pets,resnet18,0.671875,0.09810554981231678,0.35686156153678894,0.05381027236580849,53.25824079000449
pets,resnet152,4.82421875,0.0629228949546814,0.2548871338367462,0.0835818201303482,227.0060343459918
pets,resnet152,4.84375,0.06630581617355358,0.25781717896461487,0.0751093327999115,215.4290481880016
pets,resnet152,3.88671875,0.06833559274673462,0.3263288736343384,0.08763129264116287,214.9684367919981
pets,resnet101,2.98828125,0.06833559274673462,0.2436755746603012,0.10948839038610458,154.59657769001203
pets,resnet101,2.98828125,0.0784844160079956,0.2683594524860382,0.10748379677534103,154.4178502059949
pets,resnet101,2.8203125,0.09810554981231678,0.4845486581325531,0.11397520452737808,152.51753691400518
pets,regnety_120,4.55078125,0.05953991413116455,0.25885772705078125,0.031857263296842575,225.76524795200385
pets,regnety_120,4.55078125,0.05074423551559437,0.21470831334590912,0.03555379807949066,227.3101316389948
pets,regnety_120,4.142578125,0.06021648645401001,0.2413229942321777,0.02198858372867107,223.3127156749979
pets,regnety_016,1.87109375,0.06562924385070801,0.256478488445282,0.04830056428909302,163.0820566409966
pets,regnety_016,1.759765625,0.0717185139656068,0.27950572967529297,0.0515502393245697,162.10855687200092
pets,regnety_016,1.759765625,0.06833559274673462,0.2632545828819275,0.06020091846585274,163.8418663199991
pets,regnety_008,1.232421875,0.09269285202026356,0.31932711601257324,0.09028474241495132,106.18491630900826
pets,regnety_008,1.232421875,0.09066307544708241,0.3432840406894684,0.06135209649801254,106.52266964800948
pets,regnety_008,1.220703125,0.09404599666595459,0.3143778145313263,0.07770363986492157,106.46524122300616
pets,regnety_006,1.0390625,0.08051419258117676,0.2807091176509857,0.0935853123664856,105.50800791900838
pets,regnety_006,1.0390625,0.07510149478912365,0.26935598254203796,0.10009025782346724,108.17041980499926
pets,regnety_006,1.03125,0.08119082450866699,0.27603086829185486,0.083454430103302,105.0615711480059
pets,regnety_004,0.943359375,0.09472256898880005,0.31037193536758423,0.1324840933084488,111.95891117700376
pets,regnety_004,0.943359375,0.0967523455619812,0.3413757085800171,0.13281336426734924,109.27066216700769
pets,regnety_004,0.927734375,0.07983762025833119,0.3010410666465759,0.14212694764137268,107.7161169739993
pets,regnety_002,0.55859375,0.12516915798187256,0.4250010550022125,0.19374819099903107,91.3699337290018
pets,regnety_002,0.55859375,0.1204330325126648,0.41700801253318787,0.19080723822116852,91.80376509499912
pets,regnety_002,0.515625,0.1271989345550537,0.45578184723854065,0.19014815986156464,91.62358826100537
pets,regnetx_160,,0.07510149478912365,0.3172616958618164,0.06806880235671997,
pets,regnetx_160,,0.06427603960037243,0.30635806918144226,0.06902216374874115,
pets,regnetx_160,4.515625,0.05412721633911122,0.23514854907989505,0.026894835755228996,234.4384788300013
pets,regnetx_120,,,,4.85051155090332,
pets,regnetx_120,4.322265625,0.055480360984802246,0.2554287910461426,0.020305488258600235,209.0302959269975
pets,regnetx_120,3.732421875,0.060893118381500244,0.2710186243057251,0.025547172874212265,210.4114763710022
pets,regnetx_080,2.734375,0.0575101375579834,0.23120662569999695,0.027239106595516205,140.56985175299633
pets,regnetx_080,2.734375,0.06224626302719116,0.2797352373600006,0.022902248427271843,145.96681043900026
pets,regnetx_080,2.5,0.07104194164276123,0.2907705307006836,0.02326902374625206,143.40039964999596
pets,regnetx_064,3.19140625,0.05683356523513805,0.26157647371292114,0.028247525915503505,161.55008317800093
pets,regnetx_064,3.15625,0.06427603960037243,0.26131632924079895,0.022463764995336533,158.26361565599657
pets,regnetx_064,3.15625,0.055480360984802246,0.22758762538433075,0.028556110337376595,163.35456720399816
pets,regnetx_040,2.404296875,0.06833559274673462,0.27648237347602844,0.026259493082761765,142.73001712700352
pets,regnetx_040,2.404296875,0.06765902042388916,0.2617250978946686,0.031112348660826683,143.58358734699868
pets,regnetx_040,2.392578125,0.0575101375579834,0.22852177917957303,0.02768123149871826,143.10465477199614
pets,regnetx_032,2.62890625,0.058186709880828746,0.26489385962486267,0.03692450001835823,142.38853576700058
pets,regnetx_032,2.45703125,0.06224626302719116,0.2783010005950928,0.040096014738082886,143.1019835429979
pets,regnetx_032,2.45703125,0.06833559274673462,0.29105618596076965,0.03603852167725563,145.9173630120058
pets,regnetx_016,1.64453125,0.07442492246627797,0.30348092317581177,0.05262425169348717,103.68473562000143
pets,regnetx_016,1.568359375,0.0771312713623048,0.3028426766395569,0.061676692217588425,105.4897175300066
pets,regnetx_016,1.568359375,0.06901216506957997,0.24263933300971985,0.055345989763736725,105.3533195469936
pets,regnetx_008,1.162109375,0.08795672655105602,0.3108246624469757,0.0832124575972557,96.09154582700285
pets,regnetx_008,1.125,0.09269285202026356,0.3291999101638794,0.08229398727416992,92.85660383999492
pets,regnetx_008,1.125,0.09201622009277344,0.31078073382377625,0.06457461416721344,94.1493276350011
pets,regnetx_006,0.8359375,0.0899864435195924,0.3127881586551666,0.10678362846374512,91.89040211999964
pets,regnetx_006,0.8046875,0.08525031805038441,0.29928725957870483,0.10054916143417358,87.78723697899841
pets,regnetx_006,0.8046875,0.09404599666595459,0.3287191689014435,0.10055674612522124,87.46056586500345
pets,regnetx_004,0.671875,0.09945875406265259,0.3335961401462555,0.14618094265460968,105.1471113430016
pets,regnetx_004,0.671875,0.09742897748947144,0.33503979444503784,0.11266492307186128,106.62317526600236
pets,regnetx_004,0.662109375,0.1062246561050415,0.3717654347419739,0.12652017176151276,104.32575721899777
pets,regnetx_002,0.5234375,0.11705005168914795,0.3945102393627167,0.21121492981910703,76.87443721200543
pets,regnetx_002,0.48828125,0.1332882046699524,0.435844361782074,0.21189698576927185,79.62246818799758
pets,regnetx_002,0.48828125,0.12178617715835571,0.4256243705749512,0.2197771519422531,77.52217471200129
pets,levit_384,2.296875,0.0717185139656068,0.27648937702178955,0.07027774304151535,105.75384983900584
pets,levit_384,1.71875,0.06495261192321777,0.29299312829971313,0.0623927116394043,104.9224397920043
pets,levit_384,1.69921875,0.0629228949546814,0.2646082043647766,0.07530978322029114,101.7903625599938
pets,levit_256,1.3125,0.08322054147720337,0.4869523048400879,0.16400423645973206,98.60809554099978
pets,levit_256,1.037109375,0.08186739683151245,0.5387328267097473,0.13309626281261444,98.57910176199948
pets,levit_256,1.03125,0.08930987119674683,0.9477046728134156,0.1483798623085022,97.72810281899729
pets,levit_192,0.912109375,0.12516915798187256,NaN,0.22598327696323395,99.5248285109992
pets,levit_192,0.783203125,0.0967523455619812,0.3786536753177643,0.2069273144006729,98.02042975900258
pets,levit_192,0.78125,0.09742897748947144,0.34265291690826416,0.23652897775173187,96.22434022700328
pets,levit_128s,0.61328125,0.12381595373153687,0.4252219498157501,0.2704496383666992,84.76853590799874
pets,levit_128s,0.4921875,0.1387009620666504,1.6327708959579468,0.3779542148113251,85.70807090299786
pets,levit_128s,0.4921875,0.12990528345108032,0.446837842464447,0.3047284483909607,86.69993173099647
pets,levit_128,0.794921875,0.10148847103118896,0.362429141998291,0.2368633896112442,99.2468178449999
pets,levit_128,0.650390625,0.11366713047027588,1.0448423624038696,0.26765239238739014,100.03929037699707
pets,levit_128,0.650390625,0.10960757732391357,3.7426018714904785,0.2456611394882202,104.79507663800176
pets,efficientnet_lite0,1.7578125,0.10960757732391357,0.3959227502346039,0.13325384259223938,84.3392575780017
pets,efficientnet_lite0,1.71875,0.10554802417755127,0.363747775554657,0.12698213756084442,84.65642011800082
pets,efficientnet_lite0,1.71875,0.1062246561050415,0.35051169991493225,0.13464272022247314,86.74288585299655
pets,efficientnet_es_pruned,1.857421875,0.0838971734046936,0.2833865284919739,0.07951544970273972,90.3473103330034
pets,efficientnet_es_pruned,1.8046875,0.09201622009277344,0.3026560842990875,0.08778095245361328,88.95789544100262
pets,efficientnet_es_pruned,1.802734375,0.0838971734046936,0.3186105489730835,0.1030036211013794,91.80421357400336
pets,efficientnet_es,1.857421875,0.075778067111969,0.26466435194015503,0.08403407782316208,92.76002797499676
pets,efficientnet_es,1.8046875,0.07645463943481445,0.26617756485939026,0.07921495288610458,87.85752213000524
pets,efficientnet_es,1.8046875,0.0771312713623048,0.2585467994213104,0.08399247378110886,90.99321508499996
pets,efficientnet_b0,1.876953125,0.10013532638549805,0.3404175639152527,0.09136615693569183,110.80045781799708
pets,efficientnet_b0,1.876953125,0.0899864435195924,0.31698840856552124,0.0938977599143982,108.19840091999504
pets,efficientnet_b0,1.865234375,0.09336942434310924,0.32797160744667053,0.09523353725671768,109.15029553799832
pets,convnext_tiny_hnf,3.41796875,0.0629228949546814,0.2675837278366089,0.014807691797614098,110.21662183100123
pets,convnext_tiny_hnf,3.439453125,0.0575101375579834,0.2353600114583969,0.022192558273673058,108.29648232900216
pets,convnext_tiny_hnf,2.990234375,0.05953991413116455,0.25636911392211914,0.01710699498653412,110.03892057300254
pets,convnext_tiny,3.125,0.060893118381500244,0.26228785514831543,0.027677979320287704,97.04348522900546
pets,convnext_tiny,2.740234375,0.052097439765930176,0.22007279098033905,0.022320425137877464,97.4016876290043
pets,convnext_tiny,2.740234375,0.05480378866195679,0.27621275186538696,0.02142815850675106,97.00730839999596
pets,convnext_small,5.01953125,0.06224626302719116,0.24809283018112183,0.014156924560666084,146.1618868059959
pets,convnext_small,5.01953125,0.055480360984802246,0.239697203040123,0.02431390807032585,143.3714639420068
pets,convnext_small,4.23046875,0.0588633418083192,0.2770983874797821,0.02403121255338192,143.87358594300167
pets,convnext_base_in22ft1k,7.33203125,0.04871445894241322,0.20468395948410031,0.015855316072702408,183.70337129799736
pets,convnext_base_in22ft1k,7.361328125,0.043301761150359996,0.20339956879615784,0.012644712813198566,179.51430032200005
pets,convnext_base_in22ft1k,5.890625,0.04059541225433361,0.18978555500507355,0.013326521962881088,178.83535410900367
pets,convnext_base,8.083984375,0.049391090869903564,0.23756477236747744,0.021090729162096977,180.76200183599576
pets,convnext_base,7.357421875,0.052774012088775635,0.28755897283554077,0.018488092347979546,180.36258304499643
pets,convnext_base,5.89453125,0.049391090869903564,0.2390957623720169,0.0263358261436224,182.2082606200056
pets,vit_tiny_r_s16_p8_224,1.05859375,0.10825437307357788,0.3378250300884247,0.23449961841106415,78.86204413400264
pets,vit_tiny_r_s16_p8_224,0.9765625,0.10148847103118896,0.32333552837371826,0.2491515725851059,84.29461572799482
pets,vit_tiny_r_s16_p8_224,0.9765625,0.10554802417755127,0.3304215967655182,0.24816393852233887,82.21104191699851
pets,vit_tiny_patch16_224,1.16015625,0.09133964776992798,0.2718212306499481,0.20500528812408447,78.5352779820023
pets,vit_tiny_patch16_224,1.07421875,0.08930987119674683,0.2864024043083191,0.20480073988437653,81.8970648369941
pets,vit_tiny_patch16_224,1.07421875,0.09066307544708241,0.27330282330513,0.19940024614334104,78.087244320006
pets,vit_small_r26_s32_224,3.69140625,0.05683356523513805,0.2129441648721695,0.05352311208844185,131.00896271700185
pets,vit_small_r26_s32_224,3.537109375,0.06021648645401001,0.2127062976360321,0.05390903726220131,126.74569533199974
pets,vit_small_r26_s32_224,3.537109375,0.06359946727752686,0.21511052548885343,0.0452609583735466,127.56363654699815
pets,vit_small_patch32_224,1.119140625,0.10148847103118896,0.34969890117645264,0.10945115983486176,77.3408225710009
pets,vit_small_patch32_224,0.775390625,0.10690122842788696,0.35183268785476685,0.1106853038072586,75.71727976600232
pets,vit_small_patch32_224,0.775390625,0.1062246561050415,0.35102635622024536,0.10716782510280608,79.626935373999
pets,vit_small_patch16_224,2.44921875,0.0629228949546814,0.21408993005752563,0.05772433802485466,90.00642409099964
pets,vit_small_patch16_224,2.12109375,0.060893118381500244,0.21338681876659393,0.061132825911045074,85.2418692229985
pets,vit_small_patch16_224,2.12109375,0.05615699291229237,0.19164204597473145,0.07006769627332687,84.59813777400268
pets,vit_base_patch32_224_sam,4.12890625,0.10960757732391357,0.37612926959991455,0.06022629141807556,84.3581636010058
pets,vit_base_patch32_224_sam,2.759765625,0.11096078157424927,0.3885846138000488,0.0735316202044487,85.74941748399579
pets,vit_base_patch32_224_sam,2.759765625,0.11163735389709473,0.3710198700428009,0.06886190176010132,81.60174445000303
pets,vit_base_patch32_224,4.12890625,0.0784844160079956,0.2809418737888336,0.03194836154580116,81.68652595800086
pets,vit_base_patch32_224,2.759765625,0.07510149478912365,0.27426332235336304,0.030670354142785072,82.77023145199928
pets,vit_base_patch32_224,2.759765625,0.075778067111969,0.27681389451026917,0.0344533808529377,77.68286214099498
pets,vit_base_patch16_224_sam,6.17578125,0.0575101375579834,0.20444335043430328,0.03896826133131981,158.205891824
pets,vit_base_patch16_224_sam,4.853515625,0.06224626302719116,0.21285423636436465,0.04361022263765335,150.90022661799594
pets,vit_base_patch16_224_sam,4.853515625,0.06021648645401001,0.20672659575939176,0.04567631334066391,155.53884133500105
pets,vit_base_patch16_224_miil,6.19140625,0.04736131429672241,0.1789956092834473,0.022791167721152306,148.9609060349976
pets,vit_base_patch16_224_miil,4.853515625,0.04803788661956798,0.1823544204235077,0.02287421002984047,147.77629913599958
pets,vit_base_patch16_224_miil,4.853515625,0.043301761150359996,0.17619392275810242,0.019500626251101497,149.314410150997
pets,vit_base_patch16_224,6.158203125,0.04871445894241322,0.20529337227344513,0.020231585949659348,155.96679361499992
pets,vit_base_patch16_224,4.833984375,0.04803788661956798,0.21455058455467224,0.015389121137559414,150.12655835499754
pets,vit_base_patch16_224,4.833984375,0.041948556900024414,0.21179519593715668,0.016195669770240784,155.2841529139987
pets,resnetv2_50x1_bit_distilled,4.173828125,0.058186709880828746,0.19593505561351776,0.02302250824868679,116.2138469920028
pets,resnetv2_50x1_bit_distilled,4.11328125,0.05074423551559437,0.18224868178367615,0.028496773913502693,117.35526336100156
pets,resnetv2_50x1_bit_distilled,4.107421875,0.06156969070434559,0.19913163781166077,0.030702410265803337,117.16178322699852
pets,resnetv2_50,2.109375,0.10757780075073242,0.3494197726249695,0.1440896838903427,97.95209996799532
pets,resnetv2_50,1.771484375,0.1150202751159668,0.3717224001884461,0.1411367654800415,94.5900879740002
pets,resnetv2_50,1.72265625,0.09945875406265259,0.3336683511734009,0.15437810122966766,97.7977778459972
pets,resnetv2_101,3.44921875,0.10351824760437012,0.3121396601200104,0.13531596958637238,153.4499293849949
pets,resnetv2_101,2.72265625,0.09742897748947144,0.3556981086730957,0.1435009092092514,150.16894900700572
pets,resnetv2_101,2.736328125,0.10690122842788696,0.3435803949832916,0.1436946541070938,149.6702816879988
pets,resnetrs50,3.009765625,0.07374829053878784,0.2239454984664917,0.056215155869722366,132.49189837800077
pets,resnetrs50,3.009765625,0.0784844160079956,0.2332742810249329,0.0590880922973156,128.18772366700432
pets,resnetrs50,2.4609375,0.075778067111969,0.2517004609107971,0.06229282170534134,133.0440207770007
pets,resnetblur50,2.65625,0.08322054147720337,0.28830718994140625,0.07628742605447769,109.9319944509989
pets,resnetblur50,2.228515625,0.08930987119674683,0.2836627662181854,0.072141133248806,108.03193328999625
pets,resnetblur50,2.208984375,0.08728009462356556,0.2780134379863739,0.0663423240184784,108.39235471699794
pets,resnet50_gn,4.419921875,0.0629228949546814,0.21768584847450256,0.02554851956665516,129.1839733740053
pets,resnet50_gn,4.41015625,0.06630581617355358,0.22838172316551208,0.030217478051781654,130.69907668800442
pets,resnet50_gn,4.353515625,0.06224626302719116,0.22353532910346985,0.028994513675570488,129.58963070099708
pets,resnet50d,2.390625,0.08186739683151245,0.26259180903434753,0.05308396741747856,105.21662635000392
pets,resnet50d,2.05859375,0.075778067111969,0.26582372188568115,0.06083518266677856,108.51471306299936
pets,resnet50d,2.05859375,0.07780784368515004,0.25155535340309143,0.06068842485547066,106.54280179800116
pets,resnet50,2.251953125,0.11366713047027588,0.5761288404464722,0.11869848519563676,102.789032820001
pets,resnet50,1.8671875,0.09472256898880005,0.3474723994731903,0.11618585139513016,102.76280592100376
pets,resnet50,1.8671875,0.09607577323913563,0.3636986315250397,0.12780773639678955,103.39174583400018
pets,resnet34d,1.39453125,0.10351824760437012,0.3066630959510803,0.18291811645030975,78.1642962879996
pets,resnet34d,1.20703125,0.09810554981231678,0.283814013004303,0.18135468661785129,80.3230495720054
pets,resnet34d,1.107421875,0.10487145185470581,0.3106679916381836,0.1768224984407425,78.23076437799318
pets,resnet34,1.302734375,0.10013532638549805,0.3035300076007843,0.1389223486185074,76.8344581650017
pets,resnet34,0.96484375,0.09945875406265259,0.3104825019836426,0.12291639298200609,77.72912054200424
pets,resnet34,0.96484375,0.09133964776992798,0.3020694851875305,0.12927798926830292,75.29129765000107
pets,resnet26d,1.60546875,0.08322054147720337,0.25791314244270325,0.06696195155382156,79.54703660399537
pets,resnet26d,1.505859375,0.075778067111969,0.2627832591533661,0.066515251994133,78.61071839799843
pets,resnet26d,1.505859375,0.0899864435195924,0.26640716195106506,0.06363178789615631,80.27642852900317
pets,resnet26,1.484375,0.08930987119674683,0.27789852023124695,0.0679275169968605,72.72295708199817
pets,resnet26,1.31640625,0.09133964776992798,0.29328444600105286,0.08095970749855042,73.73350949800079
pets,resnet26,1.310546875,0.09066307544708241,0.2912096083164215,0.07271040976047516,72.05132011399837
pets,resnet18d,0.921875,0.12246280908584595,0.34311994910240173,0.21836091578006744,58.35678098300559
pets,resnet18d,0.869140625,0.11299049854278564,0.32766830921173096,0.22368532419204712,61.140368838998256
pets,resnet18d,0.869140625,0.1150202751159668,0.3325655162334442,0.19787028431892395,60.1997664790033
pets,resnet18,0.814453125,0.10284167528152466,0.30209898948669434,0.1391933709383011,55.87773238699447
pets,resnet18,0.783203125,0.09742897748947144,0.2913106083869934,0.12854164838790894,53.527445170002466
pets,resnet18,0.671875,0.09607577323913563,0.27948513627052307,0.12593264877796173,53.666755774997
pets,resnet152,4.845703125,0.08457374572753917,0.26159536838531494,0.10183263570070268,223.47378757799743
pets,resnet152,4.845703125,0.0771312713623048,0.26871752738952637,0.11323197931051254,217.10880204699788
pets,resnet152,3.88671875,0.0899864435195924,0.2811962366104126,0.10126998275518416,209.0104505529962
pets,resnet101,2.98828125,0.09810554981231678,0.3253215551376343,0.12721101939678192,153.395640267001
pets,resnet101,2.98828125,0.08525031805038441,0.2885391116142273,0.15572282671928406,155.001204289998
pets,resnet101,2.8203125,0.09742897748947144,0.3177109956741333,0.13970942795276642,151.30804614299996
pets,regnety_120,4.55078125,0.058186709880828746,0.2159147709608078,0.03822227567434311,222.56811376300175
pets,regnety_120,4.55078125,0.05953991413116455,0.2013590931892395,0.03763863816857338,227.01192865000485
pets,regnety_120,4.142578125,0.055480360984802246,0.20374220609664917,0.0363662950694561,221.6507760050008
pets,regnety_016,1.87109375,0.0784844160079956,0.22386705875396729,0.1024676263332367,160.51536741300515
pets,regnety_016,1.759765625,0.06765902042388916,0.22430257499217987,0.08153294026851654,162.5136202299982
pets,regnety_016,1.759765625,0.07442492246627797,0.23141977190971377,0.09760143607854845,161.59324570000172
pets,regnety_008,1.232421875,0.09472256898880005,0.29512375593185425,0.12673021852970123,106.50772671299636
pets,regnety_008,1.232421875,0.08728009462356556,0.2899257242679596,0.12549935281276703,107.57578795500012
pets,regnety_008,1.220703125,0.09810554981231678,0.290771484375,0.11967415362596512,106.00645616700058
pets,regnety_006,1.0390625,0.08795672655105602,0.26249778270721436,0.17113985121250153,105.89155529699929
pets,regnety_006,1.0390625,0.09269285202026356,0.2680768370628357,0.16559764742851257,109.2733283139969
pets,regnety_006,1.03125,0.0784844160079956,0.25288477540016174,0.1576927751302719,108.17691012199792
pets,regnety_004,0.943359375,0.10419487953186035,0.3196548521518707,0.22818675637245175,112.24351818000288
pets,regnety_004,0.943359375,0.1062246561050415,0.32472696900367737,0.24141903221607208,109.99324189300388
pets,regnety_004,0.927734375,0.10554802417755127,0.333095908164978,0.22013354301452637,114.69236582199665
pets,regnety_002,0.55859375,0.12855207920074463,0.4206222891807556,0.3320744037628174,95.46808627499558
pets,regnety_002,0.55859375,0.12990528345108032,0.42755457758903503,0.3489326238632202,98.11387329999708
pets,regnety_002,0.515625,0.1454668641090393,0.4524978697299957,0.3490850329399109,94.06668082599936
pets,regnetx_160,5.01171875,0.05006766319274902,0.1966638416051865,0.03159945085644722,231.84590777599809
pets,regnetx_160,4.52734375,0.05683356523513805,0.21788130700588224,0.02865365333855152,233.06437851599912
pets,regnetx_160,4.515625,0.0575101375579834,0.1933901607990265,0.028755227103829384,233.2079974139997
pets,regnetx_120,4.880859375,0.0575101375579834,0.20209890604019165,0.02555396407842636,209.17878914999892
pets,regnetx_120,4.322265625,0.052097439765930176,0.207035630941391,0.04011914134025574,206.0967591669978
pets,regnetx_120,3.732421875,0.055480360984802246,0.20873500406742096,0.02840065024793148,206.8987822470008
pets,regnetx_080,2.734375,0.07104194164276123,0.23604074120521543,0.037035372108221054,142.50472090399853
pets,regnetx_080,2.734375,0.06562924385070801,0.21729795634746552,0.038367144763469696,143.0279815909962
pets,regnetx_080,2.5,0.05683356523513805,0.2064134031534195,0.03029278852045536,141.3089980299992
pets,regnetx_064,3.19140625,0.06021648645401001,0.2201075553894043,0.04836645722389221,159.39286437600094
pets,regnetx_064,3.15625,0.06156969070434559,0.2022964358329773,0.03794179856777191,162.0151277670011
pets,regnetx_064,3.15625,0.06359946727752686,0.21012325584888455,0.0499701090157032,159.49746713700006
pets,regnetx_040,2.404296875,0.05953991413116455,0.2153497338294983,0.04671637341380119,142.475591567003
pets,regnetx_040,2.392578125,0.05683356523513805,0.1899842470884323,0.04777538776397705,144.04780812600077
pets,regnetx_040,2.392578125,0.06562924385070801,0.22647596895694733,0.04966945946216583,143.32355487099994
pets,regnetx_032,2.62890625,0.06562924385070801,0.2300790697336197,0.061329185962677,141.7074208800041
pets,regnetx_032,2.45703125,0.0717185139656068,0.23304562270641327,0.06519252806901932,142.78385331299796
pets,regnetx_032,2.45703125,0.06698238849639881,0.2390097826719284,0.0555763840675354,141.90490452000083
pets,regnetx_016,1.64453125,0.08457374572753917,0.2660883069038391,0.09363605827093124,101.61406602100033
pets,regnetx_016,1.568359375,0.08322054147720337,0.26307064294815063,0.08772087842226028,103.7826966529974
pets,regnetx_016,1.568359375,0.075778067111969,0.26474228501319885,0.09498491138219832,101.99771348699868
pets,regnetx_008,1.162109375,0.10351824760437012,0.3162260353565216,0.16472595930099487,95.40002743300283
pets,regnetx_008,1.125,0.10487145185470581,0.3292173147201538,0.14735305309295654,92.36229551100404
pets,regnetx_008,1.125,0.09810554981231678,0.2985144853591919,0.14901262521743774,93.58675003600364
pets,regnetx_006,0.8359375,0.10013532638549805,0.31718504428863525,0.18517787754535675,87.0316807259951
pets,regnetx_006,0.8046875,0.10351824760437012,0.3124150335788727,0.19704481959342957,89.68772701000125
pets,regnetx_006,0.8046875,0.09472256898880005,0.31142711639404297,0.17292235791683197,87.51766237599804
pets,regnetx_004,0.677734375,0.10757780075073242,0.34242674708366394,0.26194173097610474,103.79645618899669
pets,regnetx_004,0.677734375,0.10825437307357788,0.3632860481739044,0.2497016489505768,102.30873504099873
pets,regnetx_004,0.662109375,0.11569690704345703,0.37420010566711426,0.26399850845336914,106.36182479499983
pets,regnetx_002,0.5234375,0.13531798124313354,0.4362390637397766,0.360763281583786,75.84579668899823
pets,regnetx_002,0.48828125,0.13667118549346924,0.4390065670013428,0.3673910200595856,79.91169801900105
pets,regnetx_002,0.48828125,0.1427605152130127,0.4434071481227875,0.34018218517303467,76.68816564000008
pets,levit_384,2.296875,0.08051419258117676,0.2517138719558716,0.1270875334739685,105.11721844499698
pets,levit_384,1.71875,0.075778067111969,0.24608732759952545,0.11124351620674132,104.21949691999907
pets,levit_384,1.71875,0.0771312713623048,0.24588726460933685,0.1185394898056984,100.53890659400348
pets,levit_256,1.3125,0.0953992009162904,0.2925112545490265,0.21846315264701843,98.24783829700029
pets,levit_256,1.037109375,0.09336942434310924,0.4296014904975891,0.23693092167377472,96.84247392199904
pets,levit_256,1.037109375,0.09133964776992798,0.2952766716480255,0.2133612334728241,96.37949791300343
pets,levit_192,0.912109375,0.11028414964675903,0.8231817483901978,0.3541948199272156,97.31331366599623
pets,levit_192,0.783203125,0.10960757732391357,1.2835062742233276,0.34229379892349243,97.35351311699924
pets,levit_192,0.78125,0.11163735389709473,0.4236836731433869,0.3437075614929199,96.78438406800706
pets,levit_128s,0.61328125,0.13937753438949585,0.45571795105934143,0.4533156156539917,82.25535855600174
pets,levit_128s,0.4921875,0.14749664068222046,0.944599747657776,0.4837343692779541,84.8358831650039
pets,levit_128s,0.4921875,0.14479023218154907,0.819689154624939,0.5131138563156128,85.03460150799947
pets,levit_128,0.794921875,0.13396483659744263,NaN,0.3991412818431854,97.0300936679996
pets,levit_128,0.650390625,0.13531798124313354,NaN,0.4126765727996826,98.642326358
pets,levit_128,0.650390625,0.13193506002426147,1.184876799583435,0.3662722408771515,100.34450529800232
pets,efficientnet_lite0,1.7578125,0.12381595373153687,0.3970431387424469,0.1909250766038895,80.88715197699639
pets,efficientnet_lite0,1.71875,0.1244925856590271,0.39337918162345886,0.20275625586509705,85.65578571699734
pets,efficientnet_lite0,1.71875,0.1244925856590271,0.42127475142478943,0.1890132278203964,86.77479825299815
pets,efficientnet_es_pruned,1.857421875,0.10284167528152466,0.3162461817264557,0.14029288291931152,88.40223595400312
pets,efficientnet_es_pruned,1.802734375,0.09742897748947144,0.31234967708587646,0.15532036125659943,89.81288811800187
pets,efficientnet_es_pruned,1.802734375,0.09133964776992798,0.308883935213089,0.1310787796974182,88.11313824500394
pets,efficientnet_es,1.857421875,0.09066307544708241,0.2686184048652649,0.1271677315235138,89.4009331779962
pets,efficientnet_es,1.802734375,0.08457374572753917,0.274859756231308,0.131238654255867,86.67741110900533
pets,efficientnet_es,1.802734375,0.08186739683151245,0.2754732072353363,0.11814144253730774,90.01446418800333
pets,efficientnet_b0,1.876953125,0.1271989345550537,0.3893443048000336,0.1438276767730713,105.17277534900497
pets,efficientnet_b0,1.876953125,0.11772668361663818,0.3699990510940552,0.1487631797790527,106.34081742900162
pets,efficientnet_b0,1.865234375,0.11299049854278564,0.3807221055030823,0.13588757812976837,106.36418351199973
pets,convnext_tiny_hnf,3.41796875,0.07307171821594238,0.2894929349422455,0.030026718974113464,110.43500291500096
pets,convnext_tiny_hnf,3.439453125,0.06698238849639881,0.2829030752182007,0.03060106374323368,106.61898333100544
pets,convnext_tiny_hnf,2.990234375,0.06901216506957997,0.27780529856681824,0.03299327939748764,108.05811460399856
pets,convnext_tiny,3.16796875,0.05615699291229237,0.2185244262218475,0.049076419323682785,95.20937874200172
pets,convnext_tiny,2.66015625,0.06156969070434559,0.2190135270357132,0.047651760280132294,92.8040089979986
pets,convnext_tiny,2.740234375,0.05683356523513805,0.21557626128196716,0.05273919552564621,90.91030539500208
pets,convnext_small,4.23828125,0.05953991413116455,0.22006390988826752,0.037131138145923615,147.57133814300323
pets,convnext_small,5.0390625,0.06562924385070801,0.2310840934514999,0.05002541467547417,141.67286259200046
pets,convnext_small,4.2109375,0.060893118381500244,0.23520003259181976,0.044816724956035614,142.38868638499844
pets,convnext_base_in22ft1k,5.90234375,0.04668468236923218,0.1592363715171814,0.01778600364923477,177.69680801100185
pets,convnext_base_in22ft1k,5.890625,0.04871445894241322,0.16058851778507233,0.02180308848619461,182.52138024500164
pets,convnext_base_in22ft1k,5.890625,0.04600811004638683,0.15963922441005707,0.01763591729104519,175.3190813619949
pets,convnext_base,7.349609375,0.06021648645401001,0.2266388088464737,0.03921488672494888,174.84889708500123
pets,convnext_base,5.89453125,0.053450584411621205,0.2218632847070694,0.04605480283498764,178.1214593379991
pets,convnext_base,7.34765625,0.058186709880828746,0.22571860253810885,0.04346291720867157,178.9111042240038
pets,regnetz_e8,8.341796875,0.07442492246627797,0.2867913842201233,0.057738788425922394,283.6589052710042
pets,regnetz_e8,8.341796875,0.07983762025833119,0.3030258119106293,0.07028653472661972,287.4780292009964
pets,regnetz_e8,7.404296875,0.07442492246627797,0.3125072121620178,0.06307774037122726,285.27599106500566
pets,regnetz_d8,4.490234375,0.075778067111969,0.2805669605731964,0.06111275032162666,184.05740818699996
pets,regnetz_d8,4.490234375,0.08728009462356556,0.3170962333679199,0.06820793449878693,186.7451614909951
pets,regnetz_d8,4.490234375,0.0784844160079956,0.2949279546737671,0.05401676148176193,193.0980497700075
pets,regnetz_d32,4.517578125,0.06765902042388916,0.26265689730644226,0.05633865296840668,192.06681807000132
pets,regnetz_d32,4.52734375,0.0784844160079956,0.3139182925224304,0.06160304695367813,189.3029988789931
pets,regnetz_d32,4.513671875,0.06562924385070801,0.27882105112075806,0.05066106468439102,190.442494057992
pets,regnetz_c16,3.353515625,0.08051419258117676,0.3225792348384857,0.07112244516611099,159.50263023700973
pets,regnetz_c16,3.365234375,0.0838971734046936,0.33212077617645264,0.10377302765846252,161.3264965450071
pets,regnetz_c16,3.328125,0.07916104793548584,0.29768607020378113,0.07745283842086792,159.37429121400055
pets,regnetz_b16,2.705078125,0.09201622009277344,12.684240341186523,0.111053965985775,151.9117540490115
pets,regnetz_b16,2.724609375,0.08457374572753917,0.29428479075431824,0.08089028298854828,151.42603417900682
pets,regnetz_b16,2.6953125,0.08051419258117676,0.6855559349060059,0.06573736667633057,150.4402030409983
pets,regnetz_040h,5.244140625,0.07780784368515004,0.29309022426605225,0.05840745568275452,210.30535912900817
pets,regnetz_040h,5.078125,0.07442492246627797,0.26446330547332764,0.05829591304063797,210.1445303600049
pets,regnetz_040h,5.078125,0.06630581617355358,0.24906963109970093,0.06816151738166809,211.56624106199888
pets,regnetz_040,5.205078125,0.07916104793548584,0.3149509131908417,0.0968451276421547,206.8249979919929
pets,regnetz_040,5.0390625,0.07442492246627797,0.30550330877304077,0.08701687306165695,206.367617736003
pets,regnetz_040,5.0390625,0.08322054147720337,0.3249592185020447,0.07897958159446716,212.26715102398884
pets,mobilevit_xxs,1.16796875,0.09945875406265259,0.30867061018943787,0.23823019862174988,102.0822587240109
pets,mobilevit_xxs,1.154296875,0.10487145185470581,0.3452847898006439,0.21364152431488037,104.21916923001118
pets,mobilevit_xxs,1.154296875,0.1062246561050415,0.34422749280929565,0.2407773733139038,104.68133532600768
pets,mobilevit_xs,2.58203125,0.08592694997787476,0.2865937650203705,0.13889093697071075,116.61308643200027
pets,mobilevit_xs,2.552734375,0.0784844160079956,0.2906207740306854,0.14312776923179626,114.23860382499696
pets,mobilevit_xs,2.552734375,0.08592694997787476,0.31007489562034607,0.1446869820356369,114.0342728720134
pets,mobilevit_s,3.037109375,0.06968879699707042,0.2756998836994171,0.09325755387544632,120.75482821099286
pets,mobilevit_s,2.974609375,0.07510149478912365,0.2597987651824951,0.09249430894851685,117.76143151399448
pets,mobilevit_s,2.974609375,0.06630581617355358,0.2522883713245392,0.10094178467988968,118.5934203890065
pets,mobilenetv3_small_100,,,,,
pets,mobilenetv3_small_100,,,,,
pets,mobilenetv3_small_100,,,,,
pets,mobilenetv3_small_075,,,,,
pets,mobilenetv3_small_075,,,,,
pets,mobilenetv3_small_075,,,,,
pets,mobilenetv3_small_050,,,,,
pets,mobilenetv3_small_050,,,,,
pets,mobilenetv3_small_050,,,,,
pets,mobilenetv3_rw,,,,,
pets,mobilenetv3_rw,,,,,
pets,mobilenetv3_rw,,,,,
pets,mobilenetv3_large_100_miil_in21k,,,,,
pets,mobilenetv3_large_100_miil_in21k,,,,,
pets,mobilenetv3_large_100_miil_in21k,,,,,
pets,mobilenetv3_large_100,,,,,
pets,mobilenetv3_large_100,,,,,
pets,mobilenetv3_large_100,,,,,
pets,efficientnetv2_rw_t,2.3984375,0.09607577323913563,0.36202049255371094,0.08337663859128952,172.77158175500517
pets,efficientnetv2_rw_t,2.3984375,0.0899864435195924,0.351532518863678,0.08808907866477966,180.47902270799383
pets,efficientnetv2_rw_t,2.3515625,0.09133964776992798,0.3357454240322113,0.10158131271600725,178.3416617139883
pets,efficientnetv2_rw_s,3.537109375,0.10893100500106812,0.4227683246135712,0.07555140554904938,185.44380911599728
pets,efficientnetv2_rw_s,3.537109375,0.09133964776992798,0.3492051362991333,0.08526764810085297,186.9353454910015
pets,efficientnetv2_rw_s,3.14453125,0.10148847103118896,0.3875384032726288,0.079127237200737,174.10796141899482
pets,efficientnetv2_rw_m,5.787109375,0.09607577323913563,0.3671538531780243,0.0608801543712616,261.04941493598744
pets,efficientnetv2_rw_m,5.787109375,0.0953992009162904,0.36769530177116394,0.04990425705909729,280.6883760639903
pets,efficientnetv2_rw_m,5.599609375,0.09472256898880005,0.4000478684902191,0.06176605075597763,279.0570677689975
pets,convnext_tiny_in22k,3.125,0.07239514589309681,0.2709221839904785,0.024710511788725853,95.3529336930078
pets,convnext_tiny_in22k,2.740234375,0.06427603960037243,0.25344377756118774,0.021730879321694378,97.49103933700826
pets,convnext_tiny_in22k,2.66015625,0.06698238849639881,0.2542828619480133,0.02873895689845085,97.36025997898832
pets,convnext_small_in22k,5.01953125,0.05953991413116455,0.24613268673419952,0.01325608603656292,147.71115483100584
pets,convnext_small_in22k,4.23046875,0.0588633418083192,0.2639131247997284,0.017396844923496246,143.11683758599975
pets,convnext_small_in22k,4.2109375,0.05480378866195679,0.24944660067558289,0.019683703780174255,141.24124496700824
pets,convnext_large_in22k,13.072265625,0.05412721633911122,0.27794843912124634,0.014281628653407097,288.7578142690036
pets,convnext_large_in22k,9.90625,0.043978333473205566,0.24696362018585205,0.015871044248342514,289.3292900860106
pets,convnext_large_in22k,9.90625,0.0446549654006958,0.2558754086494446,0.009624617174267769,290.0776393720007
pets,convnext_base_in22k,7.314453125,0.04871445894241322,0.22858120501041412,0.0227473396807909,180.44711396800267
pets,convnext_base_in22k,5.87109375,0.05074423551559437,0.21143652498722076,0.016880378127098083,176.5776181859983
pets,convnext_base_in22k,5.890625,0.058186709880828746,0.24041832983493805,0.016513776034116745,174.3842092699997
